Timestamp,User Count,Type,Name,Requests/s,Failures/s,50%,66%,75%,80%,90%,95%,98%,99%,99.9%,99.99%,100%,Total Request Count,Total Failure Count,Total Median Response Time,Total Average Response Time,Total Min Response Time,Total Max Response Time,Total Average Content Size
1789364863,0,,Aggregated,0.000000,0.000000,N/A,N/A,N/A,N/A,N/A,N/A,N/A,N/A,N/A,N/A,N/A,0,0,0,0.0,0,0,0
1789364864,5,POST,/auth/login,0.000000,0.000000,0,0,0,0,0,0,0,0,0,0,0,2,0,170.0917060006759,174.14399100016453,170.0917060006759,178.19627599965315,415.0
1789364864,5,POST,/auth/register-organization,0.000000,0.000000,0,0,0,0,0,0,0,0,0,0,0,5,0,910,889.8621501997695,791.8378260001191,973.0862559990783,151.6
1789364864,5,,Aggregated,0.000000,0.000000,0,0,0,0,0,0,0,0,0,0,0,7,0,800,685.371247571311,170.0917060006759,973.0862559990783,226.85714285714286
1789364865,10,POST,/api-keys,0.000000,0.000000,0,0,0,0,0,0,0,0,0,0,0,2,0,730,732.705286500277,727.7928740004427,737.6176990001113,166.0
1789364865,10,POST,/auth/login,0.000000,0.000000,790,790,850,850,850,850,850,850,850,850,850,5,0,180,428.57109300093725,155.39359700051136,845.3893670011894,415.0
1789364865,10,POST,/auth/register-organization,0.000000,0.000000,910,970,970,970,970,970,970,970,970,970,970,5,0,910,889.8621501997695,791.8378260001191,973.0862559990783,151.6
1789364865,10,POST,/incidents [seed],0.000000,0.000000,0,0,0,0,0,0,0,0,0,0,0,1,0,811.5125879994594,811.5125879994594,811.5125879994594,811.5125879994594,507.0
1789364865,10,POST,/ingest/events,0.000000,0.000000,0,0,0,0,0,0,0,0,0,0,0,2,0,240,242.55749250005465,239.00309699820355,246.11188800190575,67.0
1789364865,10,,Aggregated,0.000000,0.000000,740,790,810,810,850,850,850,850,850,850,850,15,0,790,623.6136241335771,155.39359700051136,973.0862559990783,253.73333333333332
1789364866,15,POST,/api-keys,0.000000,0.000000,280,280,280,280,280,280,280,280,280,280,280,4,0,280,485.1290672495452,195.00938199780649,737.6176990001113,166.0
1789364866,15,POST,/auth/login,0.000000,0.000000,790,790,850,850,850,850,850,850,850,850,850,5,0,180,428.57109300093725,155.39359700051136,845.3893670011894,415.0
1789364866,15,POST,/auth/register-organization,0.000000,0.000000,970,970,1200,1200,1900,1900,1900,1900,1900,1900,1900,7,0,970,1077.8420664287946,791.8378260001191,1892.8273970013834,151.42857142857142
1789364866,15,POST,/incidents [seed],0.000000,0.000000,690,690,690,690,690,690,690,690,690,690,690,2,0,690,749.2505329992127,686.9884779989661,811.5125879994594,507.5
1789364866,15,POST,/ingest/events,0.000000,0.000000,850,850,860,860,860,860,860,860,860,860,860,6,0,250,481.1687214999741,225.7553259987617,858.9573639983428,67.0
1789364866,15,,Aggregated,0.000000,0.000000,730,810,850,850,1200,1900,1900,1900,1900,1900,1900,24,0,740,667.2408164167791,155.39359700051136,1892.8273970013834,217.33333333333334
1789364867,20,POST,/api-keys,0.000000,0.000000,280,280,280,280,280,280,280,280,280,280,280,4,0,280,485.1290672495452,195.00938199780649,737.6176990001113,166.0
1789364867,20,POST,/auth/login,2.000000,0.000000,850,850,980,980,980,980,980,980,980,980,980,6,0,180,520.0692718341694,155.39359700051136,977.5601660003304,415.0
1789364867,20,POST,/auth/register-organization,5.000000,0.000000,1200,1900,2100,2200,2200,2200,2200,2200,2200,2200,2200,10,0,970,1402.436465700157,791.8378260001191,2189.907910000329,151.4
1789364867,20,POST,/incidents [seed],0.000000,0.000000,1200,1200,1200,1200,1200,1200,1200,1200,1200,1200,1200,3,0,810,897.687700332123,686.9884779989661,1194.5620349979436,508.3333333333333
1789364867,20,POST,/ingest/events,0.000000,0.000000,850,860,930,930,960,960,960,960,960,960,960,10,0,470,599.7366052997677,225.7553259987617,961.8513679997704,67.0
1789364867,20,,Aggregated,7.000000,0.000000,810,930,980,1200,2100,2200,2200,2200,2200,2200,2200,33,0,800,841.688657909055,155.39359700051136,2189.907910000329,207.96969696969697
1789364868,25,POST,/api-keys,1.000000,0.000000,280,280,280,280,280,280,280,280,280,280,280,4,0,280,485.1290672495452,195.00938199780649,737.6176990001113,166.0
1789364868,25,POST,/auth/login,2.500000,0.000000,1200,1400,1400,1400,1500,1500,1500,1500,1500,1500,1500,10,0,850,864.965212500465,155.39359700051136,1547.0810340011667,415.0
1789364868,25,POST,/auth/register-organization,2.500000,0.000000,2100,2200,2500,2500,2700,2800,2800,2800,2800,2800,2800,14,0,1900,1751.4946779998095,791.8378260001191,2793.3747389979544,151.42857142857142
1789364868,25,POST,/incidents [seed],0.500000,0.000000,1200,1200,1600,1600,1600,1600,1600,1600,1600,1600,1600,4,0,810,1074.6996732495973,686.9884779989661,1605.73559200202,508.25
1789364868,25,POST,/ingest/events,1.000000,0.000000,860,960,1100,1100,1200,1500,1500,1500,1500,1500,1500,13,0,850,756.6603553845757,225.7553259987617,1478.4280960011529,67.0
1789364868,25,,Aggregated,7.500000,0.000000,980,1400,1500,1900,2500,2700,2800,2800,2800,2800,2800,45,0,930,1094.3661599777342,155.39359700051136,2793.3747389979544,218.62222222222223
1789364869,30,POST,/api-keys,1.333333,0.000000,1300,1300,1400,1400,1400,1400,1400,1400,1400,1400,1400,6,0,730,772.7794784993117,195.00938199780649,1426.058686000033,166.0
1789364869,30,POST,/auth/login,1.666667,0.000000,1200,1400,1400,1400,1500,1500,1500,1500,1500,1500,1500,10,0,850,864.965212500465,155.39359700051136,1547.0810340011667,415.0
1789364869,30,POST,/auth/register-organization,2.333333,0.000000,2200,2500,2700,2700,2800,3500,3500,3500,3500,3500,3500,18,0,2200,1986.6310387220033,791.8378260001191,3455.5058990008547,151.44444444444446
1789364869,30,POST,/incidents [seed],0.666667,0.000000,1300,1600,1600,1600,1600,1600,1600,1600,1600,1600,1600,6,0,1200,1197.6803563332699,686.9884779989661,1605.73559200202,507.8333333333333
1789364869,30,POST,/ingest/events,2.000000,0.000000,860,930,1100,1200,1300,1500,1500,1500,1500,1500,1500,17,0,850,799.862401705682,225.7553259987617,1478.4280960011529,67.0
1789364869,30,,Aggregated,8.000000,0.000000,1200,1400,1600,2200,2700,2700,3500,3500,3500,3500,3500,57,0,970,1225.0777308770666,155.39359700051136,3455.5058990008547,211.5438596491228
1789364870,30,POST,/api-keys,1.000000,0.000000,1300,1400,1400,1600,1600,1600,1600,1600,1600,1600,1600,7,0,740,896.3704669996722,195.00938199780649,1637.9163980018348,166.0
1789364870,30,POST,/auth/login,1.500000,0.000000,1400,1400,1500,1500,2000,2200,2200,2200,2200,2200,2200,14,0,1200,1114.5064666431738,155.39359700051136,2168.6681040009717,415.0
1789364870,30,POST,/auth/register-organization,2.500000,0.000000,2400,2500,2700,2700,3100,3500,3900,3900,3900,3900,3900,22,0,2200,2149.480468227094,791.8378260001191,3930.708912001137,151.45454545454547
1789364870,30,POST,/incidents [seed],0.750000,0.000000,1400,1400,1600,1600,1600,1600,1600,1600,1600,1600,1600,8,0,1300,1253.2874318749236,686.9884779989661,1605.73559200202,507.75
1789364870,30,POST,/ingest/events,2.500000,0.000000,860,930,1100,1200,1300,1500,1500,1500,1500,1500,1500,20,0,850,826.1084622497947,225.7553259987617,1478.4280960011529,67.0
1789364870,30,,Aggregated,8.250000,0.000000,1300,1500,2100,2200,2700,2800,3500,3900,3900,3900,3900,71,0,1200,1348.0946873661055,155.39359700051136,3930.708912001137,221.2112676056338
1789364871,30,POST,/api-keys,1.000000,0.000000,1200,1300,1400,1400,1600,1600,1600,1600,1600,1600,1600,9,0,1200,971.5862276663959,195.00938199780649,1637.9163980018348,166.0
1789364871,30,POST,/auth/login,1.666667,0.000000,1500,1700,1800,2000,2200,2300,2300,2300,2300,2300,2300,21,0,1400,1295.5064176193057,155.39359700051136,2336.287596997863,415.0
1789364871,30,POST,/auth/register-organization,3.000000,0.000000,2500,2700,3000,3000,3500,3500,3900,3900,3900,3900,3900,27,0,2500,2327.6079176663457,791.8378260001191,3930.708912001137,151.4814814814815
1789364871,30,GET,/incidents,0.000000,0.000000,0,0,0,0,0,0,0,0,0,0,0,2,0,232.68579800060252,413.78290050124633,232.68579800060252,594.8800030018901,2265.0
1789364871,30,POST,/incidents [seed],1.000000,0.000000,1400,1400,1600,1600,1600,1600,1600,1600,1600,1600,1600,11,0,1400,1315.7735922726386,686.9884779989661,1646.3696079990768,507.6363636363636
1789364871,30,POST,/ingest/events,2.833333,0.000000,930,1100,1200,1300,1500,1700,2000,2000,2000,2000,2000,31,0,860,914.5791451611008,225.7553259987617,1969.4338139997853,67.0
1789364871,30,,Aggregated,9.500000,0.000000,1400,1600,2000,2200,2700,3100,3500,3900,3900,3900,3900,101,0,1300,1410.3797367523757,155.39359700051136,3930.708912001137,262.2772277227723
1789364872,30,GET,/alerts,0.000000,0.000000,0,0,0,0,0,0,0,0,0,0,0,1,0,167.19940000257338,167.19940000257338,167.19940000257338,167.19940000257338,2.0
1789364872,30,POST,/api-keys,1.000000,0.000000,750,1200,1200,1300,1400,1600,1600,1600,1600,1600,1600,21,0,740,842.2299556664906,195.00938199780649,1637.9163980018348,166.0
1789364872,30,POST,/auth/login,2.000000,0.000000,1400,1500,1700,1800,2000,2200,2300,2300,2300,2300,2300,30,0,1200,1179.312661133493,155.39359700051136,2336.287596997863,415.0
1789364872,30,POST,/auth/register-organization,3.142857,0.000000,2700,2800,3100,3200,3500,3500,3900,3900,3900,3900,3900,30,0,2500,2410.6155217330524,791.8378260001191,3930.708912001137,151.46666666666667
1789364872,30,GET,/incidents,0.000000,0.000000,410,410,410,410,410,410,410,410,410,410,410,3,0,410,412.8328173343713,232.68579800060252,594.8800030018901,2265.0
1789364872,30,POST,/incidents [seed],1.142857,0.000000,1200,1400,1400,1500,1600,1600,1600,1600,1600,1600,1600,21,0,1000,1027.5382356665518,346.8000579996442,1646.3696079990768,508.1904761904762
1789364872,30,POST,/ingest/events,2.857143,0.000000,610,860,940,1000,1300,1500,1700,2000,2000,2000,2000,57,0,600,714.6592821579057,211.557090999122,1969.4338139997853,67.0
1789364872,30,,Aggregated,10.142857,0.000000,940,1300,1500,1700,2500,3100,3200,3500,3900,3900,3900,163,0,930,1160.1488002392427,155.39359700051136,3930.708912001137,256.2453987730061
1789364873,30,GET,/alerts,0.000000,0.000000,150,150,150,150,150,150,150,150,150,150,150,2,0,150,156.73138700185518,146.26337400113698,167.19940000257338,2.0
1789364873,30,POST,/api-keys,1.000000,0.000000,750,1200,1200,1300,1400,1600,1600,1600,1600,1600,1600,22,0,730,813.6930921816449,195.00938199780649,1637.9163980018348,166.0
1789364873,30,POST,/auth/login,2.625000,0.000000,1400,1500,1700,1800,2000,2200,2300,2300,2300,2300,2300,30,0,1200,1179.312661133493,155.39359700051136,2336.287596997863,415.0
1789364873,30,POST,/auth/register-organization,3.250000,0.000000,2700,2800,3100,3200,3500,3500,3900,3900,3900,3900,3900,30,0,2500,2410.6155217330524,791.8378260001191,3930.708912001137,151.46666666666667
1789364873,30,POST,/hunting/search,0.000000,0.000000,0,0,0,0,0,0,0,0,0,0,0,5,0,300,327.05926739945426,129.9999350012513,529.7113349988649,23.0
1789364873,30,GET,/incidents,0.250000,0.000000,130,130,410,410,410,410,410,410,410,410,410,5,0,230,296.5746358007891,110.79932999928133,594.8800030018901,2265.6
1789364873,30,POST,/incidents [seed],1.375000,0.000000,510,800,1300,1400,1500,1600,1600,1600,1600,1600,1600,37,0,510,716.5106528108653,217.76152000165894,1646.3696079990768,508.43243243243245
1789364873,30,POST,/ingest/events,3.750000,0.000000,250,340,460,600,940,1200,1500,1700,2000,2000,2000,147,0,250,413.62431746927626,137.52769900020212,1969.4338139997853,67.0
1789364873,30,,Aggregated,12.250000,0.000000,410,750,1200,1300,2000,2700,3200,3500,3900,3900,3900,278,0,420,778.2172468560543,110.79932999928133,3930.708912001137,218.53956834532374
1789364874,30,GET,/alerts,0.111111,0.000000,140,150,210,210,300,300,300,300,300,300,300,8,0,140,158.58115637547598,79.84680699883029,304.94405099670985,2.0
1789364874,30,POST,/api-keys,2.333333,0.000000,750,1200,1200,1300,1400,1600,1600,1600,1600,1600,1600,22,0,730,813.6930921816449,195.00938199780649,1637.9163980018348,166.0
1789364874,30,POST,/auth/login,3.333333,0.000000,1400,1500,1700,1800,2000,2200,2300,2300,2300,2300,2300,30,0,1200,1179.312661133493,155.39359700051136,2336.287596997863,415.0
1789364874,30,POST,/auth/register-organization,3.333333,0.000000,2700,3000,3100,3200,3500,3500,3900,3900,3900,3900,3900,30,0,2500,2410.6155217330524,791.8378260001191,3930.708912001137,151.46666666666667
1789364874,30,POST,/hunting/search,0.000000,0.000000,190,200,270,270,270,270,270,270,270,270,270,12,0,190,254.48863108279815,119.24487800206407,529.7113349988649,23.0
1789364874,30,GET,/incidents,0.333333,0.000000,170,170,170,170,410,410,410,410,410,410,410,8,0,170,241.33940387491748,103.36079499757034,594.8800030018901,2266.375
1789364874,30,POST,/incidents [seed],2.222222,0.000000,430,690,1200,1400,1500,1600,1600,1600,1600,1600,1600,40,0,430,685.1649022250058,217.76152000165894,1646.3696079990768,508.475
1789364874,30,POST,/ingest/events,6.222222,0.000000,220,260,320,340,750,960,1400,1500,2000,2000,2000,251,0,220,322.06311698407166,82.66752599956817,1969.4338139997853,67.0
1789364874,30,GET,/users/me,0.000000,0.000000,0,0,0,0,0,0,0,0,0,0,0,3,0,68,85.9311419990263,51.02264800007106,139.1684019981767,703.0
1789364874,30,,Aggregated,17.888889,0.000000,260,410,670,940,1500,2300,3100,3200,3900,3900,3900,404,0,260,594.9370134826449,51.02264800007106,3930.708912001137,193.8960396039604
1789364875,30,GET,/alerts,0.200000,0.000000,140,210,210,210,300,380,380,380,380,380,380,12,0,140,168.20769141698597,64.29164099972695,384.4625659985468,2.0
1789364875,30,POST,/api-keys,2.200000,0.000000,750,1200,1200,1300,1400,1600,1600,1600,1600,1600,1600,22,0,730,813.6930921816449,195.00938199780649,1637.9163980018348,166.0
1789364875,30,POST,/auth/login,3.000000,0.000000,1400,1500,1700,1800,2000,2200,2300,2300,2300,2300,2300,30,0,1200,1179.312661133493,155.39359700051136,2336.287596997863,415.0
1789364875,30,POST,/auth/register-organization,3.000000,0.000000,2800,3100,3200,3200,3500,3500,3900,3900,3900,3900,3900,30,0,2500,2410.6155217330524,791.8378260001191,3930.708912001137,151.46666666666667
1789364875,30,POST,/hunting/search,0.500000,0.000000,190,270,270,270,290,320,320,320,320,320,320,16,0,190,249.51455662449007,119.24487800206407,529.7113349988649,23.0
1789364875,30,GET,/incidents,0.500000,0.000000,130,170,190,190,260,410,410,410,410,410,410,13,0,170,204.83600923034828,67.11363700014772,594.8800030018901,2267.230769230769
1789364875,30,POST,/incidents [seed],3.700000,0.000000,430,800,1200,1400,1500,1600,1600,1600,1600,1600,1600,40,0,430,685.1649022250058,217.76152000165894,1646.3696079990768,508.475
1789364875,30,POST,/ingest/events,14.300000,0.000000,220,260,310,330,470,930,1200,1500,2000,2000,2000,343,0,220,291.2043586500966,60.26985499920556,1969.4338139997853,67.0
1789364875,30,GET,/users/me,0.000000,0.000000,220,220,300,300,300,300,300,300,300,300,300,6,0,120,149.27781299957132,51.02264800007106,296.8729540007189,703.0
1789364875,30,,Aggregated,27.400000,0.000000,250,320,440,610,1400,2100,3000,3200,3900,3900,3900,512,0,250,512.6133687909444,51.02264800007106,3930.708912001137,191.50390625
1789364876,30,GET,/alerts,0.800000,0.000000,140,210,230,230,300,380,380,380,380,380,380,18,0,140,167.94961083340038,64.29164099972695,384.4625659985468,2.0
1789364876,30,POST,/api-keys,2.200000,0.000000,1100,1200,1200,1300,1400,1600,1600,1600,1600,1600,1600,22,0,730,813.6930921816449,195.00938199780649,1637.9163980018348,166.0
1789364876,30,POST,/auth/login,2.800000,0.000000,1400,1500,1800,1800,2000,2200,2300,2300,2300,2300,2300,30,0,1200,1179.312661133493,155.39359700051136,2336.287596997863,415.0
1789364876,30,POST,/auth/register-organization,2.500000,0.000000,3000,3100,3200,3200,3500,3900,3900,3900,3900,3900,3900,30,0,2500,2410.6155217330524,791.8378260001191,3930.708912001137,151.46666666666667
1789364876,30,POST,/hunting/search,1.200000,0.000000,200,230,270,270,290,320,320,320,320,320,320,19,0,200,240.17964936808167,119.24487800206407,529.7113349988649,23.0
1789364876,30,GET,/incidents,0.800000,0.000000,130,170,170,190,260,410,410,410,410,410,410,17,0,130,185.5195980584968,67.11363700014772,594.8800030018901,2267.529411764706
1789364876,30,POST,/incidents [seed],4.000000,0.000000,410,670,1000,1400,1500,1600,1600,1600,1600,1600,1600,40,0,430,685.1649022250058,217.76152000165894,1646.3696079990768,508.475
1789364876,30,POST,/ingest/events,24.300000,0.000000,210,260,290,320,390,670,1200,1400,2000,2000,2000,433,0,220,273.1907040438766,60.26985499920556,1969.4338139997853,67.0
1789364876,30,GET,/users/me,0.300000,0.000000,210,220,220,300,300,300,300,300,300,300,300,8,0,140,156.54984162483743,51.02264800007106,296.8729540007189,703.0
1789364876,30,,Aggregated,38.900000,0.000000,230,300,340,420,1200,1700,2800,3200,3900,3900,3900,617,0,240,459.14100921714646,51.02264800007106,3930.708912001137,185.80388978930307
1789364877,30,GET,/alerts,1.200000,0.000000,160,210,220,230,240,300,380,380,380,380,380,24,0,160,168.81460620834332,64.29164099972695,384.4625659985468,2.0
1789364877,30,POST,/api-keys,2.000000,0.000000,1100,1200,1200,1300,1400,1600,1600,1600,1600,1600,1600,22,0,730,813.6930921816449,195.00938199780649,1637.9163980018348,166.0
1789364877,30,POST,/auth/login,2.500000,0.000000,1400,1500,1800,1800,2000,2200,2300,2300,2300,2300,2300,30,0,1200,1179.312661133493,155.39359700051136,2336.287596997863,415.0
1789364877,30,POST,/auth/register-organization,2.500000,0.000000,3100,3200,3200,3200,3500,3900,3900,3900,3900,3900,3900,30,0,2500,2410.6155217330524,791.8378260001191,3930.708912001137,151.46666666666667
1789364877,30,POST,/hunting/search,1.600000,0.000000,230,280,280,290,300,320,320,320,320,320,320,25,0,230,246.1377058000653,119.24487800206407,529.7113349988649,23.0
1789364877,30,GET,/incidents,1.300000,0.000000,130,170,190,200,260,410,410,410,410,410,410,20,0,130,184.83249229975627,67.11363700014772,594.8800030018901,2267.8
1789364877,30,POST,/incidents [seed],3.900000,0.000000,410,650,1000,1300,1400,1600,1600,1600,1600,1600,1600,40,0,430,685.1649022250058,217.76152000165894,1646.3696079990768,508.475
1789364877,30,POST,/ingest/events,33.100000,0.000000,210,260,290,310,370,490,940,1200,2000,2000,2000,526,0,220,263.8183369714661,60.26985499920556,1969.4338139997853,67.0
1789364877,30,GET,/users/me,0.600000,0.000000,210,220,260,260,300,300,300,300,300,300,300,10,0,150,169.31197449994215,51.02264800007106,296.8729540007189,703.0
1789364877,30,,Aggregated,48.700000,0.000000,230,280,320,360,740,1400,2400,3100,3900,3900,3900,727,0,230,422.79078079089436,51.02264800007106,3930.708912001137,177.76616231086658
1789364878,30,GET,/alerts,1.800000,0.000000,160,210,220,230,250,300,380,380,380,380,380,27,0,160,169.64999514810322,64.29164099972695,384.4625659985468,2.0
1789364878,30,POST,/api-keys,1.800000,0.000000,750,1200,1200,1200,1300,1600,1600,1600,1600,1600,1600,22,0,730,813.6930921816449,195.00938199780649,1637.9163980018348,166.0
1789364878,30,POST,/auth/login,2.500000,0.000000,1500,1700,1800,2000,2200,2300,2300,2300,2300,2300,2300,30,0,1200,1179.312661133493,155.39359700051136,2336.287596997863,415.0
1789364878,30,POST,/auth/register-organization,2.300000,0.000000,3100,3200,3200,3200,3500,3900,3900,3900,3900,3900,3900,30,0,2500,2410.6155217330524,791.8378260001191,3930.708912001137,151.46666666666667
1789364878,30,POST,/hunting/search,1.900000,0.000000,200,270,280,280,290,300,320,320,320,320,320,30,0,200,230.8907704667945,118.93795800278895,529.7113349988649,23.0
1789364878,30,GET,/incidents,1.700000,0.000000,130,150,170,170,250,260,410,410,410,410,410,29,0,130,165.20981020647892,67.11363700014772,594.8800030018901,2268.0689655172414
1789364878,30,POST,/incidents [seed],3.800000,0.000000,380,620,800,1000,1400,1500,1600,1600,1600,1600,1600,40,0,430,685.1649022250058,217.76152000165894,1646.3696079990768,508.475
1789364878,30,POST,/ingest/events,42.400000,0.000000,210,250,270,300,350,420,850,1000,2000,2000,2000,630,0,210,252.04551365555773,60.26985499920556,1969.4338139997853,67.0
1789364878,30,GET,/users/me,0.800000,0.000000,210,220,230,260,300,300,300,300,300,300,300,12,0,180,175.637125499937,51.02264800007106,296.8729540007189,703.0
1789364878,30,,Aggregated,59.000000,0.000000,210,260,300,330,510,1200,2000,3000,3900,3900,3900,850,0,220,388.47101904821625,51.02264800007106,3930.708912001137,186.05764705882353
1789364879,30,GET,/alerts,2.400000,0.000000,160,210,220,230,280,300,380,380,380,380,380,30,0,160,172.5196949332409,64.29164099972695,384.4625659985468,2.0
1789364879,30,POST,/api-keys,1.800000,0.000000,640,1100,1200,1200,1200,1300,1300,1300,1300,1300,1300,22,0,730,813.6930921816449,195.00938199780649,1637.9163980018348,166.0
1789364879,30,POST,/auth/login,2.400000,0.000000,1400,1700,1800,1800,2000,2300,2300,2300,2300,2300,2300,30,0,1200,1179.312661133493,155.39359700051136,2336.287596997863,415.0
1789364879,30,POST,/auth/register-organization,2.000000,0.000000,3200,3200,3200,3200,3500,3500,3500,3500,3500,3500,3500,30,0,2500,2410.6155217330524,791.8378260001191,3930.708912001137,151.46666666666667
1789364879,30,POST,/hunting/search,2.500000,0.000000,200,270,280,280,290,320,340,340,340,340,340,36,0,200,231.27935747258257,118.93795800278895,529.7113349988649,23.0
1789364879,30,GET,/incidents,2.000000,0.000000,130,160,170,190,250,380,410,410,410,410,410,33,0,130,169.1071790299964,67.11363700014772,594.8800030018901,2268.090909090909
1789364879,30,POST,/incidents [seed],3.700000,0.000000,350,510,670,800,1400,1500,1600,1600,1600,1600,1600,40,0,430,685.1649022250058,217.76152000165894,1646.3696079990768,508.475
1789364879,30,POST,/ingest/events,51.500000,0.000000,210,250,280,300,350,410,600,1000,2000,2000,2000,703,0,210,252.6198908406767,60.26985499920556,1969.4338139997853,67.0
1789364879,30,GET,/users/me,1.000000,0.000000,210,230,260,260,300,370,370,370,370,370,370,14,0,180,187.8263518571787,51.02264800007106,369.722608000302,703.0
1789364879,30,,Aggregated,69.300000,0.000000,210,260,300,320,410,740,1500,2300,3500,3500,3500,938,0,220,375.5961902078776,51.02264800007106,3930.708912001137,185.1417910447761
1789364880,30,GET,/alerts,2.700000,0.000000,160,200,210,230,250,300,380,380,380,380,380,36,0,160,167.71857702780028,64.29164099972695,384.4625659985468,2.0
1789364880,30,POST,/api-keys,1.800000,0.000000,640,1100,1200,1200,1200,1300,1300,1300,1300,1300,1300,22,0,730,813.6930921816449,195.00938199780649,1637.9163980018348,166.0
1789364880,30,POST,/auth/login,2.000000,0.000000,680,920,1200,1400,1800,1800,1800,1800,1800,1800,1800,30,0,1200,1179.312661133493,155.39359700051136,2336.287596997863,415.0
1789364880,30,POST,/auth/register-organization,1.600000,0.000000,3200,3200,3200,3200,3200,3200,3200,3200,3200,3200,3200,30,0,2500,2410.6155217330524,791.8378260001191,3930.708912001137,151.46666666666667
1789364880,30,POST,/hunting/search,3.000000,0.000000,200,240,280,280,290,320,340,340,340,340,340,38,0,200,227.00357815818663,118.93795800278895,529.7113349988649,23.0
1789364880,30,GET,/incidents,2.900000,0.000000,120,160,170,200,260,380,410,410,410,410,410,39,0,130,165.4051272817947,64.95770199762774,594.8800030018901,2268.128205128205
1789364880,30,POST,/incidents [seed],3.600000,0.000000,310,430,510,650,800,1000,1500,1500,1500,1500,1500,40,0,430,685.1649022250058,217.76152000165894,1646.3696079990768,508.475
1789364880,30,POST,/ingest/events,61.200000,0.000000,210,250,280,300,340,380,440,580,1000,1000,1000,791,0,210,248.1798666536063,60.26985499920556,1969.4338139997853,67.0
1789364880,30,GET,/users/me,1.200000,0.000000,200,220,230,260,300,370,370,370,370,370,370,18,0,180,185.23277950023638,51.02264800007106,369.722608000302,703.0
1789364880,30,,Aggregated,80.000000,0.000000,210,250,280,310,370,450,800,1200,3200,3200,3200,1044,0,220,358.01241270498247,51.02264800007106,3930.708912001137,187.77681992337165
1789364881,30,GET,/alerts,2.900000,0.000000,150,180,210,210,240,280,380,380,380,380,380,42,0,150,160.11344709537903,64.29164099972695,384.4625659985468,2.0
1789364881,30,POST,/api-keys,1.600000,0.000000,210,210,210,210,210,210,210,210,210,210,210,22,0,730,813.6930921816449,195.00938199780649,1637.9163980018348,166.0
1789364881,30,POST,/auth/login,2.000000,0.000000,680,920,1200,1400,1800,1800,1800,1800,1800,1800,1800,30,0,1200,1179.312661133493,155.39359700051136,2336.287596997863,415.0
1789364881,30,POST,/auth/register-organization,1.200000,0.000000,3200,3200,3200,3200,3200,3200,3200,3200,3200,3200,3200,30,0,2500,2410.6155217330524,791.8378260001191,3930.708912001137,151.46666666666667
1789364881,30,POST,/hunting/search,3.600000,0.000000,200,240,270,280,290,320,340,340,340,340,340,42,0,200,223.7946581669045,118.93795800278895,529.7113349988649,23.0
1789364881,30,GET,/incidents,3.300000,0.000000,130,160,170,190,220,260,380,380,380,380,380,45,0,130,164.06877211088107,64.95770199762774,594.8800030018901,2268.222222222222
1789364881,30,POST,/incidents [seed],3.400000,0.000000,300,310,320,380,510,650,650,650,650,650,650,40,0,430,685.1649022250058,217.76152000165894,1646.3696079990768,508.475
1789364881,30,POST,/ingest/events,68.300000,0.000000,210,250,270,290,340,360,390,430,470,470,470,885,0,210,246.0335188757358,60.26985499920556,1969.4338139997853,67.0
1789364881,30,GET,/users/me,1.400000,0.000000,200,220,230,260,300,370,370,370,370,370,370,20,0,180,190.2488206003909,51.02264800007106,369.722608000302,703.0
1789364881,30,,Aggregated,87.700000,0.000000,200,240,260,280,330,360,390,440,650,650,650,1156,0,220,344.34045448618707,51.02264800007106,3930.708912001137,188.11418685121106
1789364882,30,GET,/alerts,3.600000,0.000000,140,160,210,210,240,280,380,380,380,380,380,46,0,140,155.81273373920894,64.29164099972695,384.4625659985468,2.0
1789364882,30,POST,/api-keys,1.500000,0.000000,210,210,210,210,210,210,210,210,210,210,210,22,0,730,813.6930921816449,195.00938199780649,1637.9163980018348,166.0
1789364882,30,POST,/auth/login,1.600000,0.000000,680,920,1200,1400,1800,1800,1800,1800,1800,1800,1800,30,0,1200,1179.312661133493,155.39359700051136,2336.287596997863,415.0
1789364882,30,POST,/auth/register-organization,0.800000,0.000000,3200,3200,3200,3200,3200,3200,3200,3200,3200,3200,3200,30,0,2500,2410.6155217330524,791.8378260001191,3930.708912001137,151.46666666666667
1789364882,30,POST,/hunting/search,3.800000,0.000000,200,240,280,280,300,340,350,350,350,350,350,44,0,200,225.35331447745028,118.93795800278895,529.7113349988649,23.0
1789364882,30,GET,/incidents,3.900000,0.000000,130,170,190,200,220,260,380,380,380,380,380,55,0,130,160.20949619990213,62.16477199996007,594.8800030018901,2268.090909090909
1789364882,30,POST,/incidents [seed],3.200000,0.000000,260,260,380,380,380,380,380,380,380,380,380,40,0,430,685.1649022250058,217.76152000165894,1646.3696079990768,508.475
1789364882,30,POST,/ingest/events,77.000000,0.000000,200,240,270,280,340,360,390,430,470,470,470,985,0,210,239.84458994012957,60.26985499920556,1969.4338139997853,67.0
1789364882,30,GET,/users/me,1.800000,0.000000,190,220,230,260,300,370,370,370,370,370,370,22,0,180,184.47126104580423,51.02264800007106,369.722608000302,703.0
1789364882,30,,Aggregated,97.200000,0.000000,190,240,260,280,330,360,380,410,470,470,470,1274,0,210,329.04665017035614,51.02264800007106,3930.708912001137,194.89403453689167
1789364883,30,GET,/alerts,4.200000,0.000000,150,180,210,230,280,280,380,380,380,380,380,50,0,150,164.61070756005938,64.29164099972695,384.4625659985468,2.0
1789364883,30,POST,/api-keys,1.400000,0.000000,210,210,210,210,210,210,210,210,210,210,210,22,0,730,813.6930921816449,195.00938199780649,1637.9163980018348,166.0
1789364883,30,POST,/auth/login,0.900000,0.000000,680,920,1200,1400,1800,1800,1800,1800,1800,1800,1800,30,0,1200,1179.312661133493,155.39359700051136,2336.287596997863,415.0
1789364883,30,POST,/auth/register-organization,0.400000,0.000000,3200,3200,3200,3200,3200,3200,3200,3200,3200,3200,3200,30,0,2500,2410.6155217330524,791.8378260001191,3930.708912001137,151.46666666666667
1789364883,30,POST,/hunting/search,4.200000,0.000000,200,240,280,280,300,340,350,350,350,350,350,48,0,200,222.61227845842768,91.88246799749322,529.7113349988649,23.0
1789364883,30,GET,/incidents,4.200000,0.000000,150,180,200,210,250,290,330,380,380,380,380,61,0,150,166.50944826216772,62.16477199996007,594.8800030018901,2268.1967213114754
1789364883,30,POST,/incidents [seed],2.900000,0.000000,260,260,380,380,380,380,380,380,380,380,380,40,0,430,685.1649022250058,217.76152000165894,1646.3696079990768,508.475
1789364883,30,POST,/ingest/events,85.000000,0.000000,200,250,270,290,340,370,390,430,470,470,470,1077,0,210,237.37642664257007,60.26985499920556,1969.4338139997853,67.0
1789364883,30,GET,/users/me,2.000000,0.000000,190,220,230,260,300,370,370,370,370,370,370,23,0,180,182.7657041307564,51.02264800007106,369.722608000302,703.0
1789364883,30,,Aggregated,105.200000,0.000000,190,240,270,280,330,360,380,410,470,470,470,1381,0,210,320.01210237512487,51.02264800007106,3930.708912001137,194.697320782042
1789364884,30,GET,/alerts,4.500000,0.000000,160,200,220,240,280,280,340,340,340,340,340,57,0,150,168.46069305271763,64.29164099972695,384.4625659985468,2.0
1789364884,30,POST,/api-keys,0.100000,0.000000,210,210,210,210,210,210,210,210,210,210,210,22,0,730,813.6930921816449,195.00938199780649,1637.9163980018348,166.0
1789364884,30,POST,/auth/login,0.000000,0.000000,680,920,1200,1400,1800,1800,1800,1800,1800,1800,1800,30,0,1200,1179.312661133493,155.39359700051136,2336.287596997863,415.0
1789364884,30,POST,/auth/register-organization,0.000000,0.000000,3200,3200,3200,3200,3200,3200,3200,3200,3200,3200,3200,30,0,2500,2410.6155217330524,791.8378260001191,3930.708912001137,151.46666666666667
1789364884,30,POST,/hunting/search,4.400000,0.000000,200,240,280,280,290,340,350,350,350,350,350,53,0,200,220.9852434907417,91.88246799749322,529.7113349988649,23.0
1789364884,30,GET,/incidents,5.100000,0.000000,150,180,200,210,250,290,380,380,380,380,380,63,0,150,166.3047885395206,62.16477199996007,594.8800030018901,2268.2380952380954
1789364884,30,POST,/incidents [seed],2.000000,0.000000,260,260,380,380,380,380,380,380,380,380,380,40,0,430,685.1649022250058,217.76152000165894,1646.3696079990768,508.475
1789364884,30,POST,/ingest/events,92.800000,0.000000,200,240,270,280,340,360,380,390,470,470,470,1174,0,210,235.65201731518752,60.26985499920556,1969.4338139997853,67.0
1789364884,30,GET,/users/me,2.200000,0.000000,190,200,220,230,270,300,370,370,370,370,370,27,0,180,180.6525222967105,51.02264800007106,369.722608000302,703.0
1789364884,30,,Aggregated,111.100000,0.000000,200,240,260,280,330,360,380,390,470,470,470,1496,0,210,311.71821866312683,51.02264800007106,3930.708912001137,189.07486631016042
1789364885,30,GET,/alerts,4.800000,0.000000,160,180,200,220,280,280,340,340,340,340,340,63,0,150,165.33796922227512,62.131795999448514,384.4625659985468,2.0
1789364885,30,POST,/api-keys,0.000000,0.000000,210,210,210,210,210,210,210,210,210,210,210,22,0,730,813.6930921816449,195.00938199780649,1637.9163980018348,166.0
1789364885,30,POST,/auth/login,0.000000,0.000000,680,920,1200,1400,1800,1800,1800,1800,1800,1800,1800,30,0,1200,1179.312661133493,155.39359700051136,2336.287596997863,415.0
1789364885,30,POST,/auth/register-organization,0.000000,0.000000,3200,3200,3200,3200,3200,3200,3200,3200,3200,3200,3200,30,0,2500,2410.6155217330524,791.8378260001191,3930.708912001137,151.46666666666667
1789364885,30,POST,/hunting/search,4.300000,0.000000,200,240,280,280,300,340,350,350,350,350,350,58,0,200,220.3138456036962,91.88246799749322,529.7113349988649,23.0
1789364885,30,GET,/incidents,5.600000,0.000000,150,170,200,210,250,290,330,380,380,380,380,70,0,140,163.92600618554363,62.16477199996007,594.8800030018901,2268.2571428571428
1789364885,30,POST,/incidents [seed],0.300000,0.000000,260,260,380,380,380,380,380,380,380,380,380,40,0,430,685.1649022250058,217.76152000165894,1646.3696079990768,508.475
1789364885,30,POST,/ingest/events,93.300000,0.000000,200,240,260,280,340,360,380,390,470,470,470,1280,0,210,232.14962389146498,60.26985499920556,1969.4338139997853,67.0
1789364885,30,GET,/users/me,2.300000,0.000000,190,200,230,260,300,370,370,370,370,370,370,27,0,180,180.6525222967105,51.02264800007106,369.722608000302,703.0
1789364885,30,,Aggregated,110.600000,0.000000,190,240,260,280,330,360,380,390,460,470,470,1620,0,210,302.28650729943473,51.02264800007106,3930.708912001137,188.86666666666667
1789364886,30,GET,/alerts,4.900000,0.000000,150,190,250,280,300,340,360,360,360,360,360,68,0,150,170.80092177943965,62.131795999448514,384.4625659985468,2.0
1789364886,30,POST,/api-keys,0.000000,0.000000,210,210,210,210,210,210,210,210,210,210,210,22,0,730,813.6930921816449,195.00938199780649,1637.9163980018348,166.0
1789364886,30,POST,/auth/login,0.000000,0.000000,680,920,1200,1400,1800,1800,1800,1800,1800,1800,1800,30,0,1200,1179.312661133493,155.39359700051136,2336.287596997863,415.0
1789364886,30,POST,/auth/register-organization,0.000000,0.000000,3200,3200,3200,3200,3200,3200,3200,3200,3200,3200,3200,30,0,2500,2410.6155217330524,791.8378260001191,3930.708912001137,151.46666666666667
1789364886,30,POST,/hunting/search,4.000000,0.000000,180,210,240,280,330,350,420,420,420,420,420,64,0,190,220.4645843439721,91.88246799749322,529.7113349988649,23.0
1789364886,30,GET,/incidents,5.500000,0.000000,150,180,200,210,270,330,380,400,400,400,400,74,0,150,168.97894405382112,62.16477199996007,594.8800030018901,2268.2567567567567
1789364886,30,POST,/incidents [seed],0.000000,0.000000,260,260,380,380,380,380,380,380,380,380,380,40,0,430,685.1649022250058,217.76152000165894,1646.3696079990768,508.475
1789364886,30,POST,/ingest/events,92.600000,0.000000,200,240,260,280,340,370,410,480,520,520,520,1354,0,210,233.48665266180242,60.26985499920556,1969.4338139997853,67.0
1789364886,30,GET,/users/me,2.300000,0.000000,180,200,220,230,300,370,370,370,370,370,370,27,0,180,180.6525222967105,51.02264800007106,369.722608000302,703.0
1789364886,30,,Aggregated,109.300000,0.000000,190,240,260,280,340,360,400,470,520,520,520,1709,0,210,299.73836942544335,51.02264800007106,3930.708912001137,187.32767700409596
1789364887,30,GET,/alerts,5.100000,0.000000,140,160,210,250,300,340,360,360,360,360,360,75,0,150,164.8775282400796,62.131795999448514,384.4625659985468,2.0
1789364887,30,POST,/api-keys,0.000000,0.000000,210,210,210,210,210,210,210,210,210,210,210,22,0,730,813.6930921816449,195.00938199780649,1637.9163980018348,166.0
1789364887,30,POST,/auth/login,0.000000,0.000000,680,920,1200,1400,1800,1800,1800,1800,1800,1800,1800,30,0,1200,1179.312661133493,155.39359700051136,2336.287596997863,415.0
1789364887,30,POST,/auth/register-organization,0.000000,0.000000,3200,3200,3200,3200,3200,3200,3200,3200,3200,3200,3200,30,0,2500,2410.6155217330524,791.8378260001191,3930.708912001137,151.46666666666667
1789364887,30,POST,/hunting/search,4.200000,0.000000,200,230,240,270,320,340,420,420,420,420,420,71,0,200,219.67708652141803,91.88246799749322,529.7113349988649,23.0
1789364887,30,GET,/incidents,5.700000,0.000000,150,180,210,210,270,330,380,400,400,400,400,80,0,140,166.09758582480936,62.16477199996007,594.8800030018901,2268.2625
1789364887,30,POST,/incidents [seed],0.000000,0.000000,260,260,380,380,380,380,380,380,380,380,380,40,0,430,685.1649022250058,217.76152000165894,1646.3696079990768,508.475
1789364887,30,POST,/ingest/events,93.900000,0.000000,200,240,260,280,340,360,410,480,520,520,520,1469,0,200,228.74007936422822,60.26985499920556,1969.4338139997853,67.0
1789364887,30,GET,/users/me,2.100000,0.000000,170,200,220,270,300,370,370,370,370,370,370,27,0,180,180.6525222967105,51.02264800007106,369.722608000302,703.0
1789364887,30,,Aggregated,111.000000,0.000000,190,240,260,280,330,360,400,470,520,520,520,1844,0,200,290.2132206714025,51.02264800007106,3930.708912001137,185.2673535791757
1789364888,30,GET,/alerts,5.000000,0.000000,140,160,190,210,300,340,360,360,360,360,360,79,0,140,162.59629484814963,62.131795999448514,384.4625659985468,2.0
1789364888,30,POST,/api-keys,0.000000,0.000000,210,210,210,210,210,210,210,210,210,210,210,22,0,730,813.6930921816449,195.00938199780649,1637.9163980018348,166.0
1789364888,30,POST,/auth/login,0.000000,0.000000,680,920,1200,1400,1800,1800,1800,1800,1800,1800,1800,30,0,1200,1179.312661133493,155.39359700051136,2336.287596997863,415.0
1789364888,30,POST,/auth/register-organization,0.000000,0.000000,3200,3200,3200,3200,3200,3200,3200,3200,3200,3200,3200,30,0,2500,2410.6155217330524,791.8378260001191,3930.708912001137,151.46666666666667
1789364888,30,POST,/hunting/search,4.500000,0.000000,190,220,240,250,290,330,420,420,420,420,420,78,0,200,216.07121548736475,91.88246799749322,529.7113349988649,23.0
1789364888,30,GET,/incidents,5.700000,0.000000,150,180,210,210,270,290,330,400,400,400,400,85,0,140,165.8604275174987,62.16477199996007,594.8800030018901,2268.329411764706
1789364888,30,POST,/incidents [seed],0.000000,0.000000,260,260,380,380,380,380,380,380,380,380,380,40,0,430,685.1649022250058,217.76152000165894,1646.3696079990768,508.475
1789364888,30,POST,/ingest/events,92.200000,0.000000,190,240,260,280,330,360,380,480,520,520,520,1555,0,200,228.05916439746812,60.26985499920556,1969.4338139997853,67.0
1789364888,30,GET,/users/me,1.900000,0.000000,170,200,200,220,270,300,300,300,300,300,300,28,0,170,178.35607278604064,51.02264800007106,369.722608000302,703.0
1789364888,30,,Aggregated,109.300000,0.000000,190,230,260,270,330,360,380,420,500,520,520,1947,0,200,285.7876007802107,51.02264800007106,3930.708912001137,184.70159219311762
1789364889,30,GET,/alerts,5.100000,0.000000,130,160,200,210,300,340,360,360,360,360,360,83,0,140,161.9506009880412,62.131795999448514,384.4625659985468,2.0
1789364889,30,POST,/api-keys,0.000000,0.000000,210,210,210,210,210,210,210,210,210,210,210,22,0,730,813.6930921816449,195.00938199780649,1637.9163980018348,166.0
1789364889,30,POST,/auth/login,0.000000,0.000000,0,0,0,0,0,0,0,0,0,0,0,30,0,1200,1179.312661133493,155.39359700051136,2336.287596997863,415.0
1789364889,30,POST,/auth/register-organization,0.000000,0.000000,0,0,0,0,0,0,0,0,0,0,0,30,0,2500,2410.6155217330524,791.8378260001191,3930.708912001137,151.46666666666667
1789364889,30,POST,/hunting/search,4.600000,0.000000,180,220,240,250,290,330,420,420,420,420,420,83,0,190,213.45528690373217,91.88246799749322,529.7113349988649,23.0
1789364889,30,GET,/incidents,6.000000,0.000000,150,180,200,220,270,290,400,400,400,400,400,89,0,140,165.06151461779544,62.16477199996007,594.8800030018901,2268.2359550561796
1789364889,30,POST,/incidents [seed],0.000000,0.000000,260,260,380,380,380,380,380,380,380,380,380,40,0,430,685.1649022250058,217.76152000165894,1646.3696079990768,508.475
1789364889,30,POST,/ingest/events,93.900000,0.000000,200,240,270,280,330,360,410,480,520,520,520,1628,0,200,229.38982340053025,60.26985499920556,1969.4338139997853,67.0
1789364889,30,GET,/users/me,1.700000,0.000000,170,190,200,200,270,300,300,300,300,300,300,30,0,170,176.97459296699284,51.02264800007106,369.722608000302,703.0
1789364889,30,,Aggregated,111.300000,0.000000,190,240,260,280,330,360,410,470,520,520,520,2035,0,200,283.8381933091238,51.02264800007106,3930.708912001137,184.32383292383292
1789364890,30,GET,/alerts,5.200000,0.000000,140,190,210,250,300,340,360,360,360,360,360,89,0,150,164.41543528095139,62.131795999448514,384.4625659985468,2.0
1789364890,30,POST,/api-keys,0.000000,0.000000,0,0,0,0,0,0,0,0,0,0,0,22,0,730,813.6930921816449,195.00938199780649,1637.9163980018348,166.0
1789364890,30,POST,/auth/login,0.000000,0.000000,0,0,0,0,0,0,0,0,0,0,0,30,0,1200,1179.312661133493,155.39359700051136,2336.287596997863,415.0
1789364890,30,POST,/auth/register-organization,0.000000,0.000000,0,0,0,0,0,0,0,0,0,0,0,30,0,2500,2410.6155217330524,791.8378260001191,3930.708912001137,151.46666666666667
1789364890,30,POST,/hunting/search,4.800000,0.000000,200,230,240,260,300,330,420,420,420,420,420,89,0,200,215.55747347205335,91.88246799749322,529.7113349988649,23.0
1789364890,30,GET,/incidents,5.600000,0.000000,140,190,210,220,270,290,400,400,400,400,400,93,0,140,164.52927549448026,61.7104510019999,594.8800030018901,2268.2150537634407
1789364890,30,POST,/incidents [seed],0.000000,0.000000,260,260,380,380,380,380,380,380,380,380,380,40,0,430,685.1649022250058,217.76152000165894,1646.3696079990768,508.475
1789364890,30,POST,/ingest/events,92.800000,0.000000,190,240,270,280,350,380,450,490,520,520,520,1720,0,200,229.22835735993382,60.26985499920556,1969.4338139997853,67.0
1789364890,30,GET,/users/me,1.600000,0.000000,140,190,200,200,200,270,270,270,270,270,270,31,0,170,173.5849232584681,51.02264800007106,369.722608000302,703.0
1789364890,30,,Aggregated,110.000000,0.000000,190,240,260,280,340,370,410,480,520,520,520,2144,0,200,280.68022779062306,51.02264800007106,3930.708912001137,182.45662313432837
1789364891,30,GET,/alerts,5.400000,0.000000,160,190,210,250,300,340,340,360,360,360,360,97,0,150,164.62426143300843,60.61632199998712,384.4625659985468,2.0
1789364891,30,POST,/api-keys,0.000000,0.000000,0,0,0,0,0,0,0,0,0,0,0,22,0,730,813.6930921816449,195.00938199780649,1637.9163980018348,166.0
1789364891,30,POST,/auth/login,0.000000,0.000000,0,0,0,0,0,0,0,0,0,0,0,30,0,1200,1179.312661133493,155.39359700051136,2336.287596997863,415.0
1789364891,30,POST,/auth/register-organization,0.000000,0.000000,0,0,0,0,0,0,0,0,0,0,0,30,0,2500,2410.6155217330524,791.8378260001191,3930.708912001137,151.46666666666667
1789364891,30,POST,/hunting/search,4.700000,0.000000,200,230,240,260,300,320,420,420,420,420,420,93,0,200,214.74656887111968,91.88246799749322,529.7113349988649,23.0
1789364891,30,GET,/incidents,5.600000,0.000000,150,200,220,220,270,290,400,400,400,400,400,98,0,140,164.22253022436942,61.7104510019999,594.8800030018901,2268.1632653061224
1789364891,30,POST,/incidents [seed],0.000000,0.000000,0,0,0,0,0,0,0,0,0,0,0,40,0,430,685.1649022250058,217.76152000165894,1646.3696079990768,508.475
1789364891,30,POST,/ingest/events,92.200000,0.000000,200,240,270,280,340,380,450,490,520,520,520,1811,0,200,228.17299768364117,60.26985499920556,1969.4338139997853,67.0
1789364891,30,GET,/users/me,1.600000,0.000000,150,170,200,200,270,270,270,270,270,270,270,32,0,170,173.62392137545157,51.02264800007106,369.722608000302,703.0
1789364891,30,,Aggregated,109.500000,0.000000,190,240,260,280,340,370,410,480,520,520,520,2253,0,200,276.88271021663866,51.02264800007106,3930.708912001137,181.7270306258322
1789364892,30,GET,/alerts,5.300000,0.000000,150,190,200,210,280,340,340,360,360,360,360,103,0,150,164.78387597086217,60.61632199998712,384.4625659985468,2.0
1789364892,30,POST,/api-keys,0.000000,0.000000,0,0,0,0,0,0,0,0,0,0,0,22,0,730,813.6930921816449,195.00938199780649,1637.9163980018348,166.0
1789364892,30,POST,/auth/login,0.000000,0.000000,0,0,0,0,0,0,0,0,0,0,0,30,0,1200,1179.312661133493,155.39359700051136,2336.287596997863,415.0
1789364892,30,POST,/auth/register-organization,0.000000,0.000000,0,0,0,0,0,0,0,0,0,0,0,30,0,2500,2410.6155217330524,791.8378260001191,3930.708912001137,151.46666666666667
1789364892,30,POST,/hunting/search,5.100000,0.000000,200,230,240,260,300,330,420,420,420,420,420,96,0,200,215.90285666684395,91.88246799749322,529.7113349988649,23.0
1789364892,30,GET,/incidents,5.400000,0.000000,140,180,200,220,250,270,400,400,400,400,400,106,0,140,163.2368878772296,61.7104510019999,594.8800030018901,2268.1792452830186
1789364892,30,POST,/incidents [seed],0.000000,0.000000,0,0,0,0,0,0,0,0,0,0,0,40,0,430,685.1649022250058,217.76152000165894,1646.3696079990768,508.475
1789364892,30,POST,/ingest/events,92.300000,0.000000,200,240,270,280,340,380,450,490,520,520,520,1914,0,200,227.14683491123176,60.26985499920556,1969.4338139997853,67.0
1789364892,30,GET,/users/me,1.300000,0.000000,140,150,170,200,200,270,270,270,270,270,270,36,0,150,168.8810921947758,51.02264800007106,369.722608000302,703.0
1789364892,30,,Aggregated,109.400000,0.000000,190,240,260,280,330,370,410,480,520,520,520,2377,0,200,272.9688576029051,51.02264800007106,3930.708912001137,184.0016827934371
1789364893,30,GET,/alerts,5.500000,0.000000,140,170,200,210,280,340,340,360,360,360,360,109,0,150,163.9943632477181,60.61632199998712,384.4625659985468,2.0
1789364893,30,POST,/api-keys,0.000000,0.000000,0,0,0,0,0,0,0,0,0,0,0,22,0,730,813.6930921816449,195.00938199780649,1637.9163980018348,166.0
1789364893,30,POST,/auth/login,0.000000,0.000000,0,0,0,0,0,0,0,0,0,0,0,30,0,1200,1179.312661133493,155.39359700051136,2336.287596997863,415.0
1789364893,30,POST,/auth/register-organization,0.000000,0.000000,0,0,0,0,0,0,0,0,0,0,0,30,0,2500,2410.6155217330524,791.8378260001191,3930.708912001137,151.46666666666667
1789364893,30,POST,/hunting/search,5.100000,0.000000,200,230,240,270,300,330,420,420,420,420,420,97,0,200,215.49839631976263,91.88246799749322,529.7113349988649,23.0
1789364893,30,GET,/incidents,5.400000,0.000000,140,180,210,220,250,270,400,400,400,400,400,112,0,150,164.36142562490983,61.7104510019999,594.8800030018901,2268.214285714286
1789364893,30,POST,/incidents [seed],0.000000,0.000000,0,0,0,0,0,0,0,0,0,0,0,40,0,430,685.1649022250058,217.76152000165894,1646.3696079990768,508.475
1789364893,30,POST,/ingest/events,92.900000,0.000000,200,240,270,290,340,380,450,490,520,520,520,2005,0,200,226.5224738369572,60.26985499920556,1969.4338139997853,67.0
1789364893,30,GET,/users/me,1.200000,0.000000,120,140,150,150,170,200,200,200,200,200,200,38,0,150,165.6052420792931,51.02264800007106,369.722608000302,703.0
1789364893,30,,Aggregated,110.100000,0.000000,190,230,260,280,330,370,430,480,520,520,520,2483,0,200,270.1020775481731,51.02264800007106,3930.708912001137,184.66492146596858
1789364894,30,GET,/alerts,5.700000,0.000000,140,170,200,210,300,340,360,360,360,360,360,113,0,150,161.21910639821687,46.51336799724959,384.4625659985468,2.0
1789364894,30,POST,/api-keys,0.000000,0.000000,0,0,0,0,0,0,0,0,0,0,0,22,0,730,813.6930921816449,195.00938199780649,1637.9163980018348,166.0
1789364894,30,POST,/auth/login,0.000000,0.000000,0,0,0,0,0,0,0,0,0,0,0,30,0,1200,1179.312661133493,155.39359700051136,2336.287596997863,415.0
1789364894,30,POST,/auth/register-organization,0.000000,0.000000,0,0,0,0,0,0,0,0,0,0,0,30,0,2500,2410.6155217330524,791.8378260001191,3930.708912001137,151.46666666666667
1789364894,30,POST,/hunting/search,5.200000,0.000000,200,230,240,260,300,320,420,420,420,420,420,101,0,200,214.96385758432058,91.88246799749322,529.7113349988649,23.0
1789364894,30,GET,/incidents,5.200000,0.000000,150,180,210,220,250,250,400,400,400,400,400,117,0,150,162.76425256402058,61.7104510019999,594.8800030018901,2268.188034188034
1789364894,30,POST,/incidents [seed],0.000000,0.000000,0,0,0,0,0,0,0,0,0,0,0,40,0,430,685.1649022250058,217.76152000165894,1646.3696079990768,508.475
1789364894,30,POST,/ingest/events,92.200000,0.000000,190,230,260,280,330,380,450,490,520,520,520,2121,0,200,223.0490969363796,38.583069002925185,1969.4338139997853,67.0
1789364894,30,GET,/users/me,1.300000,0.000000,120,140,160,170,200,230,230,230,230,230,230,41,0,150,165.03397000038913,51.02264800007106,369.722608000302,703.0
1789364894,30,,Aggregated,109.600000,0.000000,190,230,250,270,320,370,420,480,500,520,520,2615,0,200,264.5628080933371,38.583069002925185,3930.708912001137,183.4959847036329
1789364895,30,GET,/alerts,5.800000,0.000000,140,170,190,210,260,310,340,340,340,340,340,117,0,150,162.16643561539937,46.51336799724959,384.4625659985468,2.0
1789364895,30,POST,/api-keys,0.000000,0.000000,0,0,0,0,0,0,0,0,0,0,0,22,0,730,813.6930921816449,195.00938199780649,1637.9163980018348,166.0
1789364895,30,POST,/auth/login,0.000000,0.000000,0,0,0,0,0,0,0,0,0,0,0,30,0,1200,1179.312661133493,155.39359700051136,2336.287596997863,415.0
1789364895,30,POST,/auth/register-organization,0.000000,0.000000,0,0,0,0,0,0,0,0,0,0,0,30,0,2500,2410.6155217330524,791.8378260001191,3930.708912001137,151.46666666666667
1789364895,30,POST,/hunting/search,4.900000,0.000000,200,210,240,240,280,300,340,340,340,340,340,106,0,200,213.0811256038729,91.88246799749322,529.7113349988649,23.0
1789364895,30,GET,/incidents,5.100000,0.000000,150,180,210,220,240,250,250,250,250,250,250,120,0,150,162.86414911658844,61.7104510019999,594.8800030018901,2268.2083333333335
1789364895,30,POST,/incidents [seed],0.000000,0.000000,0,0,0,0,0,0,0,0,0,0,0,40,0,430,685.1649022250058,217.76152000165894,1646.3696079990768,508.475
1789364895,30,POST,/ingest/events,91.400000,0.000000,190,230,260,270,320,360,390,450,490,490,490,2208,0,200,222.01527092982286,38.583069002925185,1969.4338139997853,67.0
1789364895,30,GET,/users/me,1.400000,0.000000,140,150,170,200,230,300,300,300,300,300,300,42,0,150,168.24035461944558,51.02264800007106,369.722608000302,703.0
1789364895,30,,Aggregated,108.600000,0.000000,190,230,250,270,310,350,380,430,480,490,490,2715,0,200,262.02035833703974,38.583069002925185,3930.708912001137,181.69576427255984
1789364896,30,GET,/alerts,5.500000,0.000000,160,190,210,210,260,310,340,340,340,340,340,121,0,150,163.43544494214083,46.51336799724959,384.4625659985468,2.0
1789364896,30,POST,/api-keys,0.000000,0.000000,0,0,0,0,0,0,0,0,0,0,0,22,0,730,813.6930921816449,195.00938199780649,1637.9163980018348,166.0
1789364896,30,POST,/auth/login,0.000000,0.000000,0,0,0,0,0,0,0,0,0,0,0,30,0,1200,1179.312661133493,155.39359700051136,2336.287596997863,415.0
1789364896,30,POST,/auth/register-organization,0.000000,0.000000,0,0,0,0,0,0,0,0,0,0,0,30,0,2500,2410.6155217330524,791.8378260001191,3930.708912001137,151.46666666666667
1789364896,30,POST,/hunting/search,4.800000,0.000000,180,210,240,250,300,340,430,430,430,430,430,110,0,190,213.31681686371502,91.88246799749322,529.7113349988649,23.0
1789364896,30,GET,/incidents,5.400000,0.000000,160,210,220,240,250,300,410,410,410,410,410,125,0,150,168.1482749839197,61.7104510019999,594.8800030018901,2268.192
1789364896,30,POST,/incidents [seed],0.000000,0.000000,0,0,0,0,0,0,0,0,0,0,0,40,0,430,685.1649022250058,217.76152000165894,1646.3696079990768,508.475
1789364896,30,POST,/ingest/events,93.700000,0.000000,210,250,270,290,340,380,410,450,490,490,490,2293,0,200,223.86280269386322,38.583069002925185,1969.4338139997853,67.0
1789364896,30,GET,/users/me,1.400000,0.000000,150,200,250,260,300,360,360,360,360,360,360,47,0,160,177.81515951100255,51.02264800007106,369.722608000302,703.0
1789364896,30,,Aggregated,110.800000,0.000000,200,240,270,280,340,370,400,450,490,490,490,2818,0,200,262.22124973138324,38.583069002925185,3930.708912001137,182.38218594748048
1789364897,30,GET,/alerts,5.400000,0.000000,170,200,230,230,280,310,340,340,340,340,340,127,0,150,165.78128551179728,46.51336799724959,384.4625659985468,2.0
1789364897,30,POST,/api-keys,0.000000,0.000000,0,0,0,0,0,0,0,0,0,0,0,22,0,730,813.6930921816449,195.00938199780649,1637.9163980018348,166.0
1789364897,30,POST,/auth/login,0.000000,0.000000,0,0,0,0,0,0,0,0,0,0,0,30,0,1200,1179.312661133493,155.39359700051136,2336.287596997863,415.0
1789364897,30,POST,/auth/register-organization,0.000000,0.000000,0,0,0,0,0,0,0,0,0,0,0,30,0,2500,2410.6155217330524,791.8378260001191,3930.708912001137,151.46666666666667
1789364897,30,POST,/hunting/search,4.800000,0.000000,190,210,240,260,300,340,430,430,430,430,430,110,0,190,213.31681686371502,91.88246799749322,529.7113349988649,23.0
1789364897,30,GET,/incidents,4.900000,0.000000,170,220,230,250,300,320,410,410,410,410,410,130,0,150,171.87456379223687,61.7104510019999,594.8800030018901,2268.230769230769
1789364897,30,POST,/incidents [seed],0.000000,0.000000,0,0,0,0,0,0,0,0,0,0,0,40,0,430,685.1649022250058,217.76152000165894,1646.3696079990768,508.475
1789364897,30,POST,/ingest/events,93.300000,0.000000,210,250,280,290,340,380,450,460,490,490,490,2360,0,200,224.84464013263775,38.583069002925185,1969.4338139997853,67.0
1789364897,30,GET,/users/me,1.500000,0.000000,140,200,230,250,290,300,360,360,360,360,360,51,0,160,174.5247224907336,51.02264800007106,369.722608000302,703.0
1789364897,30,,Aggregated,109.900000,0.000000,210,240,270,290,340,380,430,460,490,490,490,2900,0,200,261.8629543348433,38.583069002925185,3930.708912001137,183.6593103448276
1789364898,30,GET,/alerts,5.300000,0.000000,170,210,230,250,290,310,340,340,340,340,340,133,0,150,165.8556188947814,44.22354500275105,384.4625659985468,2.0
1789364898,30,POST,/api-keys,0.000000,0.000000,0,0,0,0,0,0,0,0,0,0,0,22,0,730,813.6930921816449,195.00938199780649,1637.9163980018348,166.0
1789364898,30,POST,/auth/login,0.000000,0.000000,0,0,0,0,0,0,0,0,0,0,0,30,0,1200,1179.312661133493,155.39359700051136,2336.287596997863,415.0
1789364898,30,POST,/auth/register-organization,0.000000,0.000000,0,0,0,0,0,0,0,0,0,0,0,30,0,2500,2410.6155217330524,791.8378260001191,3930.708912001137,151.46666666666667
1789364898,30,POST,/hunting/search,4.500000,0.000000,200,210,230,280,300,340,430,430,430,430,430,112,0,200,213.2922784018579,91.88246799749322,529.7113349988649,23.0
1789364898,30,GET,/incidents,5.100000,0.000000,180,210,220,250,300,320,410,410,410,410,410,134,0,150,170.80281399247005,61.7104510019999,594.8800030018901,2268.186567164179
1789364898,30,POST,/incidents [seed],0.000000,0.000000,0,0,0,0,0,0,0,0,0,0,0,40,0,430,685.1649022250058,217.76152000165894,1646.3696079990768,508.475
1789364898,30,POST,/ingest/events,92.300000,0.000000,210,250,280,300,340,380,440,460,490,490,490,2442,0,200,224.9583748640667,38.583069002925185,1969.4338139997853,67.0
1789364898,30,GET,/users/me,2.000000,0.000000,140,220,250,260,300,360,380,380,380,380,380,53,0,160,177.0375041326262,51.02264800007106,382.5863230013056,703.0
1789364898,30,,Aggregated,109.200000,0.000000,200,240,270,290,340,380,430,460,490,490,490,2996,0,200,260.538096898892,38.583069002925185,3930.708912001137,183.1231642189586
1789364899,30,GET,/alerts,5.200000,0.000000,170,210,230,250,290,310,380,380,380,380,380,136,0,150,167.48707339713613,44.22354500275105,384.4625659985468,2.0
1789364899,30,POST,/api-keys,0.000000,0.000000,0,0,0,0,0,0,0,0,0,0,0,22,0,730,813.6930921816449,195.00938199780649,1637.9163980018348,166.0
1789364899,30,POST,/auth/login,0.000000,0.000000,0,0,0,0,0,0,0,0,0,0,0,30,0,1200,1179.312661133493,155.39359700051136,2336.287596997863,415.0
1789364899,30,POST,/auth/register-organization,0.000000,0.000000,0,0,0,0,0,0,0,0,0,0,0,30,0,2500,2410.6155217330524,791.8378260001191,3930.708912001137,151.46666666666667
1789364899,30,POST,/hunting/search,3.900000,0.000000,190,210,230,280,340,340,430,430,430,430,430,115,0,200,214.83054197397786,91.88246799749322,529.7113349988649,23.0
1789364899,30,GET,/incidents,4.900000,0.000000,180,220,250,250,300,320,360,410,410,410,410,144,0,160,172.5857196388208,61.7104510019999,594.8800030018901,2268.25
1789364899,30,POST,/incidents [seed],0.000000,0.000000,0,0,0,0,0,0,0,0,0,0,0,40,0,430,685.1649022250058,217.76152000165894,1646.3696079990768,508.475
1789364899,30,POST,/ingest/events,88.800000,0.000000,200,250,280,300,340,380,430,450,470,470,470,2543,0,200,224.57078475070867,38.583069002925185,1969.4338139997853,67.0
1789364899,30,GET,/users/me,2.200000,0.000000,150,220,250,260,300,360,380,380,380,380,380,54,0,160,177.54222455604813,51.02264800007106,382.5863230013056,703.0
1789364899,30,,Aggregated,105.000000,0.000000,200,240,280,290,340,380,430,450,470,470,470,3114,0,200,258.8351230851258,38.583069002925185,3930.708912001137,185.8937058445729
1789364900,30,GET,/alerts,5.400000,0.000000,170,230,250,280,340,370,390,390,390,390,390,140,0,150,171.44365851436305,44.22354500275105,387.2031170030823,2.0
1789364900,30,POST,/api-keys,0.000000,0.000000,0,0,0,0,0,0,0,0,0,0,0,22,0,730,813.6930921816449,195.00938199780649,1637.9163980018348,166.0
1789364900,30,POST,/auth/login,0.000000,0.000000,0,0,0,0,0,0,0,0,0,0,0,30,0,1200,1179.312661133493,155.39359700051136,2336.287596997863,415.0
1789364900,30,POST,/auth/register-organization,0.000000,0.000000,0,0,0,0,0,0,0,0,0,0,0,30,0,2500,2410.6155217330524,791.8378260001191,3930.708912001137,151.46666666666667
1789364900,30,POST,/hunting/search,3.400000,0.000000,210,230,290,290,340,400,430,430,430,430,430,120,0,200,217.75236567506605,91.88246799749322,529.7113349988649,23.0
1789364900,30,GET,/incidents,4.900000,0.000000,190,230,250,260,300,320,410,410,410,410,410,148,0,160,174.4500390945472,61.7104510019999,594.8800030018901,2268.25
1789364900,30,POST,/incidents [seed],0.000000,0.000000,0,0,0,0,0,0,0,0,0,0,0,40,0,430,685.1649022250058,217.76152000165894,1646.3696079990768,508.475
1789364900,30,POST,/ingest/events,88.800000,0.000000,200,260,290,310,350,390,440,460,470,470,470,2636,0,200,224.71979229820752,38.583069002925185,1969.4338139997853,67.0
1789364900,30,GET,/users/me,2.500000,0.000000,140,200,250,260,300,360,380,380,380,380,380,56,0,150,174.82947921475247,51.02264800007106,382.5863230013056,703.0
1789364900,30,,Aggregated,105.000000,0.000000,200,250,280,300,340,380,430,450,470,470,470,3222,0,200,257.9480182483265,38.583069002925185,3930.708912001137,184.88702669149598
1789364901,30,GET,/alerts,5.300000,0.000000,170,230,250,290,340,370,390,390,390,390,390,146,0,150,171.58869557541237,44.22354500275105,387.2031170030823,2.0
1789364901,30,POST,/api-keys,0.000000,0.000000,0,0,0,0,0,0,0,0,0,0,0,22,0,730,813.6930921816449,195.00938199780649,1637.9163980018348,166.0
1789364901,30,POST,/auth/login,0.000000,0.000000,0,0,0,0,0,0,0,0,0,0,0,30,0,1200,1179.312661133493,155.39359700051136,2336.287596997863,415.0
1789364901,30,POST,/auth/register-organization,0.000000,0.000000,0,0,0,0,0,0,0,0,0,0,0,30,0,2500,2410.6155217330524,791.8378260001191,3930.708912001137,151.46666666666667
1789364901,30,POST,/hunting/search,3.200000,0.000000,210,230,280,290,340,400,430,430,430,430,430,122,0,200,218.09757934432605,91.88246799749322,529.7113349988649,23.0
1789364901,30,GET,/incidents,5.400000,0.000000,190,230,250,260,300,320,410,410,410,410,410,155,0,160,173.94720614831914,61.7104510019999,594.8800030018901,2268.2903225806454
1789364901,30,POST,/incidents [seed],0.000000,0.000000,0,0,0,0,0,0,0,0,0,0,0,40,0,430,685.1649022250058,217.76152000165894,1646.3696079990768,508.475
1789364901,30,POST,/ingest/events,91.900000,0.000000,210,260,290,310,350,390,440,460,470,470,470,2727,0,200,224.54658447123356,38.583069002925185,1969.4338139997853,67.0
1789364901,30,GET,/users/me,2.400000,0.000000,160,250,260,260,300,360,380,380,380,380,380,58,0,160,177.58754724177535,51.02264800007106,382.5863230013056,703.0
1789364901,30,,Aggregated,108.200000,0.000000,210,250,280,300,340,380,430,450,470,470,470,3330,0,200,256.53632864356746,38.583069002925185,3930.708912001137,185.93123123123124
1789364902,30,GET,/alerts,5.100000,0.000000,170,230,250,280,340,370,390,390,390,390,390,151,0,160,171.9892338411071,44.22354500275105,387.2031170030823,2.0
1789364902,30,POST,/api-keys,0.000000,0.000000,0,0,0,0,0,0,0,0,0,0,0,22,0,730,813.6930921816449,195.00938199780649,1637.9163980018348,166.0
1789364902,30,POST,/auth/login,0.000000,0.000000,0,0,0,0,0,0,0,0,0,0,0,30,0,1200,1179.312661133493,155.39359700051136,2336.287596997863,415.0
1789364902,30,POST,/auth/register-organization,0.000000,0.000000,0,0,0,0,0,0,0,0,0,0,0,30,0,2500,2410.6155217330524,791.8378260001191,3930.708912001137,151.46666666666667
1789364902,30,POST,/hunting/search,3.100000,0.000000,210,230,290,290,340,400,430,430,430,430,430,124,0,200,219.04211668554066,91.88246799749322,529.7113349988649,23.0
1789364902,30,GET,/incidents,5.500000,0.000000,190,230,260,260,300,320,410,410,410,410,410,159,0,160,174.37725002506662,61.7104510019999,594.8800030018901,2268.3081761006288
1789364902,30,POST,/incidents [seed],0.000000,0.000000,0,0,0,0,0,0,0,0,0,0,0,40,0,430,685.1649022250058,217.76152000165894,1646.3696079990768,508.475
1789364902,30,POST,/ingest/events,90.700000,0.000000,200,260,280,300,350,390,440,460,470,470,470,2821,0,200,223.4771454445438,38.583069002925185,1969.4338139997853,67.0
1789364902,30,GET,/users/me,2.500000,0.000000,200,250,260,290,360,360,380,380,380,380,380,60,0,160,180.098861050404,51.02264800007106,382.5863230013056,703.0
1789364902,30,,Aggregated,106.900000,0.000000,200,260,280,300,350,390,430,450,470,470,470,3437,0,200,254.61106432879754,38.583069002925185,3930.708912001137,185.04131510037823
1789364903,30,GET,/alerts,4.800000,0.000000,200,230,250,280,340,370,390,390,390,390,390,156,0,150,170.14537283333854,44.22354500275105,387.2031170030823,2.0
1789364903,30,POST,/api-keys,0.000000,0.000000,0,0,0,0,0,0,0,0,0,0,0,22,0,730,813.6930921816449,195.00938199780649,1637.9163980018348,166.0
1789364903,30,POST,/auth/login,0.000000,0.000000,0,0,0,0,0,0,0,0,0,0,0,30,0,1200,1179.312661133493,155.39359700051136,2336.287596997863,415.0
1789364903,30,POST,/auth/register-organization,0.000000,0.000000,0,0,0,0,0,0,0,0,0,0,0,30,0,2500,2410.6155217330524,791.8378260001191,3930.708912001137,151.46666666666667
1789364903,30,POST,/hunting/search,2.800000,0.000000,210,230,290,290,340,400,430,430,430,430,430,130,0,200,218.2515360000812,91.88246799749322,529.7113349988649,23.0
1789364903,30,GET,/incidents,5.600000,0.000000,200,220,260,260,300,320,410,410,410,410,410,165,0,160,172.27283138777375,61.7104510019999,594.8800030018901,2268.3030303030305
1789364903,30,POST,/incidents [seed],0.000000,0.000000,0,0,0,0,0,0,0,0,0,0,0,40,0,430,685.1649022250058,217.76152000165894,1646.3696079990768,508.475
1789364903,30,POST,/ingest/events,90.000000,0.000000,200,260,290,310,350,390,440,460,470,470,470,2933,0,200,221.69767075180815,38.583069002925185,1969.4338139997853,67.0
1789364903,30,GET,/users/me,2.600000,0.000000,190,250,260,290,360,360,380,380,380,380,380,63,0,160,178.50099474647627,51.02264800007106,382.5863230013056,703.0
1789364903,30,,Aggregated,105.800000,0.000000,200,260,280,300,350,390,430,450,470,470,470,3569,0,200,251.56371969965545,38.583069002925185,3930.708912001137,184.74558699915943
1789364904,30,GET,/alerts,4.700000,0.000000,200,230,250,290,360,380,390,390,390,390,390,157,0,160,171.1267625923822,44.22354500275105,387.2031170030823,2.0
1789364904,30,POST,/api-keys,0.000000,0.000000,0,0,0,0,0,0,0,0,0,0,0,22,0,730,813.6930921816449,195.00938199780649,1637.9163980018348,166.0
1789364904,30,POST,/auth/login,0.000000,0.000000,0,0,0,0,0,0,0,0,0,0,0,30,0,1200,1179.312661133493,155.39359700051136,2336.287596997863,415.0
1789364904,30,POST,/auth/register-organization,0.000000,0.000000,0,0,0,0,0,0,0,0,0,0,0,30,0,2500,2410.6155217330524,791.8378260001191,3930.708912001137,151.46666666666667
1789364904,30,POST,/hunting/search,2.800000,0.000000,230,290,320,340,400,430,440,440,440,440,440,134,0,200,220.85447779861184,87.6070800004527,529.7113349988649,23.0
1789364904,30,GET,/incidents,5.300000,0.000000,200,230,260,260,300,330,360,410,410,410,410,170,0,160,173.8076377822675,61.7104510019999,594.8800030018901,2268.264705882353
1789364904,30,POST,/incidents [seed],0.000000,0.000000,0,0,0,0,0,0,0,0,0,0,0,40,0,430,685.1649022250058,217.76152000165894,1646.3696079990768,508.475
1789364904,30,POST,/ingest/events,90.500000,0.000000,200,260,300,320,370,400,450,460,480,480,480,3012,0,200,221.9039616739894,38.583069002925185,1969.4338139997853,67.0
1789364904,30,GET,/users/me,2.400000,0.000000,190,250,260,260,360,360,380,380,380,380,380,63,0,160,178.50099474647627,51.02264800007106,382.5863230013056,703.0
1789364904,30,,Aggregated,105.700000,0.000000,200,260,290,310,370,400,450,460,480,480,480,3658,0,200,251.13031301505816,38.583069002925185,3930.708912001137,184.82203389830508
1789364905,30,GET,/alerts,4.800000,0.000000,170,230,250,290,360,380,390,390,390,390,390,161,0,150,170.30431121743305,44.22354500275105,387.2031170030823,2.0
1789364905,30,POST,/api-keys,0.000000,0.000000,0,0,0,0,0,0,0,0,0,0,0,22,0,730,813.6930921816449,195.00938199780649,1637.9163980018348,166.0
1789364905,30,POST,/auth/login,0.000000,0.000000,0,0,0,0,0,0,0,0,0,0,0,30,0,1200,1179.312661133493,155.39359700051136,2336.287596997863,415.0
1789364905,30,POST,/auth/register-organization,0.000000,0.000000,0,0,0,0,0,0,0,0,0,0,0,30,0,2500,2410.6155217330524,791.8378260001191,3930.708912001137,151.46666666666667
1789364905,30,POST,/hunting/search,3.100000,0.000000,230,290,320,340,400,430,440,440,440,440,440,138,0,200,220.20708871752794,87.6070800004527,529.7113349988649,23.0
1789364905,30,GET,/incidents,5.200000,0.000000,190,210,230,250,280,320,330,360,360,360,360,178,0,160,174.99858545494808,61.7104510019999,594.8800030018901,2268.275280898876
1789364905,30,POST,/incidents [seed],0.000000,0.000000,0,0,0,0,0,0,0,0,0,0,0,40,0,430,685.1649022250058,217.76152000165894,1646.3696079990768,508.475
1789364905,30,POST,/ingest/events,93.300000,0.000000,190,260,290,310,360,400,450,460,480,480,480,3113,0,200,221.5819183588356,38.583069002925185,1969.4338139997853,67.0
1789364905,30,GET,/users/me,2.600000,0.000000,140,200,240,250,360,380,380,380,380,380,380,67,0,150,176.3738003437674,51.02264800007106,382.5863230013056,703.0
1789364905,30,,Aggregated,109.000000,0.000000,190,250,280,310,360,400,440,460,480,480,480,3779,0,200,249.68631030354297,38.583069002925185,3930.708912001137,186.26779571315163
1789364906,30,GET,/alerts,4.500000,0.000000,170,210,240,290,360,380,390,390,390,390,390,167,0,150,170.66033688026795,44.22354500275105,387.2031170030823,2.0
1789364906,30,POST,/api-keys,0.000000,0.000000,0,0,0,0,0,0,0,0,0,0,0,22,0,730,813.6930921816449,195.00938199780649,1637.9163980018348,166.0
1789364906,30,POST,/auth/login,0.000000,0.000000,0,0,0,0,0,0,0,0,0,0,0,30,0,1200,1179.312661133493,155.39359700051136,2336.287596997863,415.0
1789364906,30,POST,/auth/register-organization,0.000000,0.000000,0,0,0,0,0,0,0,0,0,0,0,30,0,2500,2410.6155217330524,791.8378260001191,3930.708912001137,151.46666666666667
1789364906,30,POST,/hunting/search,3.400000,0.000000,220,260,290,320,340,400,440,440,440,440,440,143,0,200,218.3735616644763,87.6070800004527,529.7113349988649,23.0
1789364906,30,GET,/incidents,5.300000,0.000000,190,210,230,250,270,320,330,360,360,360,360,183,0,160,174.8147950600101,61.7104510019999,594.8800030018901,2268.2349726775956
1789364906,30,POST,/incidents [seed],0.000000,0.000000,0,0,0,0,0,0,0,0,0,0,0,40,0,430,685.1649022250058,217.76152000165894,1646.3696079990768,508.475
1789364906,30,POST,/ingest/events,90.400000,0.000000,190,250,280,300,340,390,430,450,480,480,480,3212,0,200,220.79678276994244,38.583069002925185,1969.4338139997853,67.0
1789364906,30,GET,/users/me,2.300000,0.000000,140,200,240,250,360,380,380,380,380,380,380,68,0,150,175.24059636814533,51.02264800007106,382.5863230013056,703.0
1789364906,30,,Aggregated,105.900000,0.000000,190,240,270,290,340,390,430,450,480,480,480,3895,0,200,247.9692219476484,38.583069002925185,3930.708912001137,185.54634146341462
1789364907,30,GET,/alerts,4.400000,0.000000,170,210,240,240,360,380,390,390,390,390,390,169,0,150,170.159951284022,44.22354500275105,387.2031170030823,2.0
1789364907,30,POST,/api-keys,0.000000,0.000000,0,0,0,0,0,0,0,0,0,0,0,22,0,730,813.6930921816449,195.00938199780649,1637.9163980018348,166.0
1789364907,30,POST,/auth/login,0.000000,0.000000,0,0,0,0,0,0,0,0,0,0,0,30,0,1200,1179.312661133493,155.39359700051136,2336.287596997863,415.0
1789364907,30,POST,/auth/register-organization,0.000000,0.000000,0,0,0,0,0,0,0,0,0,0,0,30,0,2500,2410.6155217330524,791.8378260001191,3930.708912001137,151.46666666666667
1789364907,30,POST,/hunting/search,3.100000,0.000000,230,280,290,320,340,400,440,440,440,440,440,147,0,200,219.4184335103335,87.6070800004527,529.7113349988649,23.0
1789364907,30,GET,/incidents,5.800000,0.000000,190,210,230,250,270,320,330,380,380,380,380,190,0,160,174.8702224472876,61.7104510019999,594.8800030018901,2268.2368421052633
1789364907,30,POST,/incidents [seed],0.000000,0.000000,0,0,0,0,0,0,0,0,0,0,0,40,0,430,685.1649022250058,217.76152000165894,1646.3696079990768,508.475
1789364907,30,POST,/ingest/events,89.200000,0.000000,190,250,270,290,340,390,420,450,480,480,480,3303,0,200,220.9130494166158,38.583069002925185,1969.4338139997853,67.0
1789364907,30,GET,/users/me,2.500000,0.000000,140,200,240,250,360,380,380,380,380,380,380,70,0,150,177.20961277191236,51.02264800007106,382.5863230013056,703.0
1789364907,30,,Aggregated,105.000000,0.000000,190,240,270,290,340,390,410,440,480,480,480,4001,0,200,247.2689448833076,38.583069002925185,3930.708912001137,186.49837540614845
1789364908,30,GET,/alerts,4.600000,0.000000,160,200,230,240,300,360,390,390,390,390,390,179,0,150,168.8175535140006,44.22354500275105,387.2031170030823,2.0
1789364908,30,POST,/api-keys,0.000000,0.000000,0,0,0,0,0,0,0,0,0,0,0,22,0,730,813.6930921816449,195.00938199780649,1637.9163980018348,166.0
1789364908,30,POST,/auth/login,0.000000,0.000000,0,0,0,0,0,0,0,0,0,0,0,30,0,1200,1179.312661133493,155.39359700051136,2336.287596997863,415.0
1789364908,30,POST,/auth/register-organization,0.000000,0.000000,0,0,0,0,0,0,0,0,0,0,0,30,0,2500,2410.6155217330524,791.8378260001191,3930.708912001137,151.46666666666667
1789364908,30,POST,/hunting/search,3.400000,0.000000,220,270,290,300,340,400,440,440,440,440,440,149,0,200,218.0935872820067,87.6070800004527,529.7113349988649,23.0
1789364908,30,GET,/incidents,5.700000,0.000000,170,210,230,240,260,280,330,380,380,380,380,197,0,160,172.73523116231732,61.7104510019999,594.8800030018901,2268.258883248731
1789364908,30,POST,/incidents [seed],0.000000,0.000000,0,0,0,0,0,0,0,0,0,0,0,40,0,430,685.1649022250058,217.76152000165894,1646.3696079990768,508.475
1789364908,30,POST,/ingest/events,92.700000,0.000000,180,240,260,280,330,380,410,450,480,480,480,3414,0,200,219.11961948215875,38.583069002925185,1969.4338139997853,67.0
1789364908,30,GET,/users/me,2.100000,0.000000,140,190,250,250,360,380,380,380,380,380,380,70,0,150,177.20961277191236,51.02264800007106,382.5863230013056,703.0
1789364908,30,,Aggregated,108.500000,0.000000,180,230,250,270,330,380,410,440,480,480,480,4131,0,200,244.54801997872661,38.583069002925185,3930.708912001137,186.29024449285887
1789364909,30,GET,/alerts,4.200000,0.000000,150,200,210,220,240,290,320,320,320,320,320,185,0,150,167.85835790812868,44.22354500275105,387.2031170030823,2.0
1789364909,30,POST,/api-keys,0.000000,0.000000,0,0,0,0,0,0,0,0,0,0,0,22,0,730,813.6930921816449,195.00938199780649,1637.9163980018348,166.0
1789364909,30,POST,/auth/login,0.000000,0.000000,0,0,0,0,0,0,0,0,0,0,0,30,0,1200,1179.312661133493,155.39359700051136,2336.287596997863,415.0
1789364909,30,POST,/auth/register-organization,0.000000,0.000000,0,0,0,0,0,0,0,0,0,0,0,30,0,2500,2410.6155217330524,791.8378260001191,3930.708912001137,151.46666666666667
1789364909,30,POST,/hunting/search,3.700000,0.000000,210,270,280,290,320,380,440,440,440,440,440,152,0,200,218.79048427643667,87.6070800004527,529.7113349988649,23.0
1789364909,30,GET,/incidents,6.100000,0.000000,160,190,210,230,250,280,330,380,380,380,380,202,0,160,172.21348313353585,61.7104510019999,594.8800030018901,2268.2475247524753
1789364909,30,POST,/incidents [seed],0.000000,0.000000,0,0,0,0,0,0,0,0,0,0,0,40,0,430,685.1649022250058,217.76152000165894,1646.3696079990768,508.475
1789364909,30,POST,/ingest/events,93.100000,0.000000,180,230,250,270,320,370,400,440,480,480,480,3503,0,200,218.94889926580106,38.583069002925185,1969.4338139997853,67.0
1789364909,30,GET,/users/me,2.100000,0.000000,140,210,240,250,360,380,380,380,380,380,380,73,0,150,175.51998184981505,51.02264800007106,382.5863230013056,703.0
1789364909,30,,Aggregated,109.200000,0.000000,180,230,250,260,320,360,400,440,480,480,480,4237,0,200,243.54347789051897,38.583069002925185,3930.708912001137,186.23011564786407
1789364910,30,GET,/alerts,4.500000,0.000000,150,200,210,220,270,300,370,370,370,370,370,192,0,150,168.48920596877784,44.22354500275105,387.2031170030823,2.0
1789364910,30,POST,/api-keys,0.000000,0.000000,0,0,0,0,0,0,0,0,0,0,0,22,0,730,813.6930921816449,195.00938199780649,1637.9163980018348,166.0
1789364910,30,POST,/auth/login,0.000000,0.000000,0,0,0,0,0,0,0,0,0,0,0,30,0,1200,1179.312661133493,155.39359700051136,2336.287596997863,415.0
1789364910,30,POST,/auth/register-organization,0.000000,0.000000,0,0,0,0,0,0,0,0,0,0,0,30,0,2500,2410.6155217330524,791.8378260001191,3930.708912001137,151.46666666666667
1789364910,30,POST,/hunting/search,3.700000,0.000000,220,260,270,290,320,380,440,440,440,440,440,155,0,200,219.09510187108555,87.6070800004527,529.7113349988649,23.0
1789364910,30,GET,/incidents,6.300000,0.000000,160,190,210,230,250,290,330,380,380,380,380,207,0,160,171.309930903247,47.121067000261974,594.8800030018901,2268.231884057971
1789364910,30,POST,/incidents [seed],0.000000,0.000000,0,0,0,0,0,0,0,0,0,0,0,40,0,430,685.1649022250058,217.76152000165894,1646.3696079990768,508.475
1789364910,30,POST,/ingest/events,96.300000,0.000000,180,230,260,280,330,370,410,440,480,480,480,3599,0,200,218.83700622954078,38.583069002925185,1969.4338139997853,67.0
1789364910,30,GET,/users/me,1.700000,0.000000,140,150,190,210,360,380,380,380,380,380,380,75,0,150,174.08563353383215,51.02264800007106,382.5863230013056,703.0
1789364910,30,,Aggregated,112.500000,0.000000,180,230,250,270,330,370,400,440,480,480,480,4350,0,200,242.62697047612522,38.583069002925185,3930.708912001137,185.81977011494254
1789364911,30,GET,/alerts,4.800000,0.000000,150,170,210,210,260,300,370,370,370,370,370,198,0,150,168.1801722677093,44.22354500275105,387.2031170030823,2.0
1789364911,30,POST,/api-keys,0.000000,0.000000,0,0,0,0,0,0,0,0,0,0,0,22,0,730,813.6930921816449,195.00938199780649,1637.9163980018348,166.0
1789364911,30,POST,/auth/login,0.000000,0.000000,0,0,0,0,0,0,0,0,0,0,0,30,0,1200,1179.312661133493,155.39359700051136,2336.287596997863,415.0
1789364911,30,POST,/auth/register-organization,0.000000,0.000000,0,0,0,0,0,0,0,0,0,0,0,30,0,2500,2410.6155217330524,791.8378260001191,3930.708912001137,151.46666666666667
1789364911,30,POST,/hunting/search,3.700000,0.000000,200,230,270,270,300,380,440,440,440,440,440,161,0,200,217.9027650311791,87.6070800004527,529.7113349988649,23.0
1789364911,30,GET,/incidents,5.800000,0.000000,150,180,210,230,260,290,330,380,380,380,380,212,0,160,170.79722935363432,47.121067000261974,594.8800030018901,2268.2216981132074
1789364911,30,POST,/incidents [seed],0.000000,0.000000,0,0,0,0,0,0,0,0,0,0,0,40,0,430,685.1649022250058,217.76152000165894,1646.3696079990768,508.475
1789364911,30,POST,/ingest/events,95.400000,0.000000,180,230,250,270,330,360,410,440,480,480,480,3711,0,200,217.60595659663602,38.583069002925185,1969.4338139997853,67.0
1789364911,30,GET,/users/me,1.900000,0.000000,140,150,190,210,240,380,380,380,380,380,380,77,0,150,173.53070970175276,51.02264800007106,382.5863230013056,703.0
1789364911,30,,Aggregated,111.600000,0.000000,180,230,250,260,320,360,400,440,480,480,480,4481,0,200,240.6816092573403,38.583069002925185,3930.708912001137,184.93974559250168
1789364912,30,GET,/alerts,5.000000,0.000000,150,170,210,220,260,300,370,370,370,370,370,201,0,150,167.4694630945765,44.22354500275105,387.2031170030823,2.0
1789364912,30,POST,/api-keys,0.000000,0.000000,0,0,0,0,0,0,0,0,0,0,0,22,0,730,813.6930921816449,195.00938199780649,1637.9163980018348,166.0
1789364912,30,POST,/auth/login,0.000000,0.000000,0,0,0,0,0,0,0,0,0,0,0,30,0,1200,1179.312661133493,155.39359700051136,2336.287596997863,415.0
1789364912,30,POST,/auth/register-organization,0.000000,0.000000,0,0,0,0,0,0,0,0,0,0,0,30,0,2500,2410.6155217330524,791.8378260001191,3930.708912001137,151.46666666666667
1789364912,30,POST,/hunting/search,3.500000,0.000000,190,220,260,270,300,380,440,440,440,440,440,165,0,200,216.11097358194954,87.6070800004527,529.7113349988649,23.0
1789364912,30,GET,/incidents,5.800000,0.000000,150,180,220,230,260,290,330,380,380,380,380,218,0,160,169.6611525136394,47.121067000261974,594.8800030018901,2268.197247706422
1789364912,30,POST,/incidents [seed],0.000000,0.000000,0,0,0,0,0,0,0,0,0,0,0,40,0,430,685.1649022250058,217.76152000165894,1646.3696079990768,508.475
1789364912,30,POST,/ingest/events,96.600000,0.000000,180,220,250,260,320,350,410,440,480,480,480,3820,0,200,216.13541434689117,38.583069002925185,1969.4338139997853,67.0
1789364912,30,GET,/users/me,1.900000,0.000000,140,150,190,210,240,380,380,380,380,380,380,78,0,150,172.93334810300365,51.02264800007106,382.5863230013056,703.0
1789364912,30,,Aggregated,112.800000,0.000000,180,220,240,260,320,340,400,440,480,480,480,4604,0,190,238.58331397288376,38.583069002925185,3930.708912001137,184.71394439617723
1789364913,30,GET,/alerts,5.100000,0.000000,140,170,200,210,250,300,310,370,370,370,370,209,0,150,166.67799840195403,44.22354500275105,387.2031170030823,2.0
1789364913,30,POST,/api-keys,0.000000,0.000000,0,0,0,0,0,0,0,0,0,0,0,22,0,730,813.6930921816449,195.00938199780649,1637.9163980018348,166.0
1789364913,30,POST,/auth/login,0.000000,0.000000,0,0,0,0,0,0,0,0,0,0,0,30,0,1200,1179.312661133493,155.39359700051136,2336.287596997863,415.0
1789364913,30,POST,/auth/register-organization,0.000000,0.000000,0,0,0,0,0,0,0,0,0,0,0,30,0,2500,2410.6155217330524,791.8378260001191,3930.708912001137,151.46666666666667
1789364913,30,POST,/hunting/search,3.900000,0.000000,200,230,270,270,300,330,360,360,360,360,360,170,0,200,218.07467620601528,87.6070800004527,529.7113349988649,23.0
1789364913,30,GET,/incidents,5.700000,0.000000,150,180,210,220,250,270,290,380,380,380,380,221,0,160,170.03019408583816,47.121067000261974,594.8800030018901,2268.185520361991
1789364913,30,POST,/incidents [seed],0.000000,0.000000,0,0,0,0,0,0,0,0,0,0,0,40,0,430,685.1649022250058,217.76152000165894,1646.3696079990768,508.475
1789364913,30,POST,/ingest/events,98.600000,0.000000,180,230,250,260,310,340,370,410,450,450,450,3907,0,200,215.65938311674714,38.583069002925185,1969.4338139997853,67.0
1789364913,30,GET,/users/me,1.800000,0.000000,140,150,210,210,240,380,380,380,380,380,380,79,0,150,172.5946048232178,51.02264800007106,382.5863230013056,703.0
1789364913,30,,Aggregated,115.100000,0.000000,180,220,240,260,310,330,360,400,420,450,450,4708,0,190,237.61829709752777,38.583069002925185,3930.708912001137,183.49362786745965
1789364914,30,GET,/alerts,5.100000,0.000000,150,170,210,220,270,300,310,370,370,370,370,215,0,150,166.92704603725403,44.22354500275105,387.2031170030823,2.0
1789364914,30,POST,/api-keys,0.000000,0.000000,0,0,0,0,0,0,0,0,0,0,0,22,0,730,813.6930921816449,195.00938199780649,1637.9163980018348,166.0
1789364914,30,POST,/auth/login,0.000000,0.000000,0,0,0,0,0,0,0,0,0,0,0,30,0,1200,1179.312661133493,155.39359700051136,2336.287596997863,415.0
1789364914,30,POST,/auth/register-organization,0.000000,0.000000,0,0,0,0,0,0,0,0,0,0,0,30,0,2500,2410.6155217330524,791.8378260001191,3930.708912001137,151.46666666666667
1789364914,30,POST,/hunting/search,4.100000,0.000000,200,240,270,270,300,330,360,360,360,360,360,172,0,200,218.50595304081358,87.6070800004527,529.7113349988649,23.0
1789364914,30,GET,/incidents,5.900000,0.000000,140,190,210,220,260,270,380,380,380,380,380,226,0,160,170.35669698217674,47.121067000261974,594.8800030018901,2268.216814159292
1789364914,30,POST,/incidents [seed],0.000000,0.000000,0,0,0,0,0,0,0,0,0,0,0,40,0,430,685.1649022250058,217.76152000165894,1646.3696079990768,508.475
1789364914,30,POST,/ingest/events,100.200000,0.000000,180,220,250,260,320,350,420,450,480,480,480,3997,0,200,216.4402291946838,38.583069002925185,1969.4338139997853,67.0
1789364914,30,GET,/users/me,1.900000,0.000000,150,150,210,210,320,380,380,380,380,380,380,82,0,150,174.2020673662454,51.02264800007106,382.5863230013056,703.0
1789364914,30,,Aggregated,117.200000,0.000000,180,220,240,260,320,350,410,440,460,480,480,4814,0,190,237.71807385899007,38.583069002925185,3930.708912001137,183.51329455754052
1789364915,30,GET,/alerts,5.300000,0.000000,150,170,200,210,270,290,310,370,370,370,370,221,0,150,166.79305591862752,44.22354500275105,387.2031170030823,2.0
1789364915,30,POST,/api-keys,0.000000,0.000000,0,0,0,0,0,0,0,0,0,0,0,22,0,730,813.6930921816449,195.00938199780649,1637.9163980018348,166.0
1789364915,30,POST,/auth/login,0.000000,0.000000,0,0,0,0,0,0,0,0,0,0,0,30,0,1200,1179.312661133493,155.39359700051136,2336.287596997863,415.0
1789364915,30,POST,/auth/register-organization,0.000000,0.000000,0,0,0,0,0,0,0,0,0,0,0,30,0,2500,2410.6155217330524,791.8378260001191,3930.708912001137,151.46666666666667
1789364915,30,POST,/hunting/search,4.000000,0.000000,200,250,270,270,310,360,380,380,380,380,380,180,0,200,217.76355706677148,87.6070800004527,529.7113349988649,23.0
1789364915,30,GET,/incidents,5.700000,0.000000,140,160,210,210,260,270,380,380,380,380,380,230,0,160,169.87869126944292,47.121067000261974,594.8800030018901,2268.221739130435
1789364915,30,POST,/incidents [seed],0.000000,0.000000,0,0,0,0,0,0,0,0,0,0,0,40,0,430,685.1649022250058,217.76152000165894,1646.3696079990768,508.475
1789364915,30,POST,/ingest/events,98.200000,0.000000,180,220,250,260,320,350,410,450,480,480,480,4089,0,200,216.16845978752048,38.583069002925185,1969.4338139997853,67.0
1789364915,30,GET,/users/me,1.600000,0.000000,150,180,210,210,320,380,380,380,380,380,380,83,0,150,174.65364655462432,51.02264800007106,382.5863230013056,703.0
1789364915,30,,Aggregated,114.800000,0.000000,180,220,240,260,310,350,410,440,460,480,480,4925,0,190,236.86204648938158,38.583069002925185,3930.708912001137,182.65380710659898
1789364916,30,GET,/alerts,5.800000,0.000000,150,180,210,220,270,290,310,370,370,370,370,226,0,150,167.31333095137728,44.22354500275105,387.2031170030823,2.0
1789364916,30,POST,/api-keys,0.000000,0.000000,0,0,0,0,0,0,0,0,0,0,0,22,0,730,813.6930921816449,195.00938199780649,1637.9163980018348,166.0
1789364916,30,POST,/auth/login,0.000000,0.000000,0,0,0,0,0,0,0,0,0,0,0,30,0,1200,1179.312661133493,155.39359700051136,2336.287596997863,415.0
1789364916,30,POST,/auth/register-organization,0.000000,0.000000,0,0,0,0,0,0,0,0,0,0,0,30,0,2500,2410.6155217330524,791.8378260001191,3930.708912001137,151.46666666666667
1789364916,30,POST,/hunting/search,3.800000,0.000000,190,210,250,260,310,360,380,380,380,380,380,184,0,200,216.41629064139994,87.6070800004527,529.7113349988649,23.0
1789364916,30,GET,/incidents,5.600000,0.000000,140,160,180,210,220,260,290,290,290,290,290,235,0,160,168.87335380839005,47.121067000261974,594.8800030018901,2268.195744680851
1789364916,30,POST,/incidents [seed],0.000000,0.000000,0,0,0,0,0,0,0,0,0,0,0,40,0,430,685.1649022250058,217.76152000165894,1646.3696079990768,508.475
1789364916,30,POST,/ingest/events,97.700000,0.000000,180,220,250,260,310,340,410,450,480,480,480,4171,0,200,216.54169898852962,38.583069002925185,1969.4338139997853,67.0
1789364916,30,GET,/users/me,1.800000,0.000000,150,210,210,210,320,380,380,380,380,380,380,85,0,150,174.96395665922833,51.02264800007106,382.5863230013056,703.0
1789364916,30,,Aggregated,114.700000,0.000000,180,220,240,260,300,340,400,440,460,480,480,5023,0,200,236.59002604383537,38.583069002925185,3930.708912001137,182.74079235516623
1789364917,30,GET,/alerts,6.000000,0.000000,150,180,210,230,270,290,310,370,370,370,370,229,0,150,167.12441659829815,44.22354500275105,387.2031170030823,2.0
1789364917,30,POST,/api-keys,0.000000,0.000000,0,0,0,0,0,0,0,0,0,0,0,22,0,730,813.6930921816449,195.00938199780649,1637.9163980018348,166.0
1789364917,30,POST,/auth/login,0.000000,0.000000,0,0,0,0,0,0,0,0,0,0,0,30,0,1200,1179.312661133493,155.39359700051136,2336.287596997863,415.0
1789364917,30,POST,/auth/register-organization,0.000000,0.000000,0,0,0,0,0,0,0,0,0,0,0,30,0,2500,2410.6155217330524,791.8378260001191,3930.708912001137,151.46666666666667
1789364917,30,POST,/hunting/search,4.200000,0.000000,200,240,270,270,320,360,380,380,380,380,380,188,0,200,217.63370499477188,87.6070800004527,529.7113349988649,23.0
1789364917,30,GET,/incidents,5.200000,0.000000,150,180,210,210,260,270,290,290,290,290,290,242,0,160,169.8035496238311,47.121067000261974,594.8800030018901,2268.198347107438
1789364917,30,POST,/incidents [seed],0.000000,0.000000,0,0,0,0,0,0,0,0,0,0,0,40,0,430,685.1649022250058,217.76152000165894,1646.3696079990768,508.475
1789364917,30,POST,/ingest/events,98.200000,0.000000,190,240,250,270,330,350,410,450,480,480,480,4267,0,200,216.37389574387996,38.583069002925185,1969.4338139997853,67.0
1789364917,30,GET,/users/me,1.600000,0.000000,150,180,210,210,210,320,320,320,320,320,320,86,0,150,174.63506550040282,51.02264800007106,382.5863230013056,703.0
1789364917,30,,Aggregated,115.200000,0.000000,190,230,250,270,320,350,400,440,460,480,480,5134,0,200,235.9896387464273,38.583069002925185,3930.708912001137,183.2913907284768
1789364918,30,GET,/alerts,5.800000,0.000000,150,180,210,230,270,290,310,370,370,370,370,235,0,150,166.66967706812702,44.22354500275105,387.2031170030823,2.0
1789364918,30,POST,/api-keys,0.000000,0.000000,0,0,0,0,0,0,0,0,0,0,0,22,0,730,813.6930921816449,195.00938199780649,1637.9163980018348,166.0
1789364918,30,POST,/auth/login,0.000000,0.000000,0,0,0,0,0,0,0,0,0,0,0,30,0,1200,1179.312661133493,155.39359700051136,2336.287596997863,415.0
1789364918,30,POST,/auth/register-organization,0.000000,0.000000,0,0,0,0,0,0,0,0,0,0,0,30,0,2500,2410.6155217330524,791.8378260001191,3930.708912001137,151.46666666666667
1789364918,30,POST,/hunting/search,4.100000,0.000000,200,230,260,270,310,330,380,380,380,380,380,193,0,200,217.84422172548554,87.6070800004527,529.7113349988649,23.0
1789364918,30,GET,/incidents,5.300000,0.000000,150,180,210,220,260,290,290,290,290,290,290,246,0,160,170.0697542844095,47.121067000261974,594.8800030018901,2268.2073170731705
1789364918,30,POST,/incidents [seed],0.000000,0.000000,0,0,0,0,0,0,0,0,0,0,0,40,0,430,685.1649022250058,217.76152000165894,1646.3696079990768,508.475
1789364918,30,POST,/ingest/events,96.500000,0.000000,190,240,260,280,330,360,410,450,480,480,480,4351,0,200,216.44267908484122,38.583069002925185,1969.4338139997853,67.0
1789364918,30,GET,/users/me,1.700000,0.000000,150,180,210,210,260,320,320,320,320,320,320,88,0,150,174.141493784439,49.45700399912312,382.5863230013056,703.0
1789364918,30,,Aggregated,113.400000,0.000000,190,230,260,270,320,350,400,440,460,480,480,5235,0,200,235.55314349802512,38.583069002925185,3930.708912001137,182.85654250238778
1789364919,30,GET,/alerts,6.000000,0.000000,160,180,220,240,280,290,370,370,370,370,370,237,0,150,166.9354930928586,44.22354500275105,387.2031170030823,2.0
1789364919,30,POST,/api-keys,0.000000,0.000000,0,0,0,0,0,0,0,0,0,0,0,22,0,730,813.6930921816449,195.00938199780649,1637.9163980018348,166.0
1789364919,30,POST,/auth/login,0.000000,0.000000,0,0,0,0,0,0,0,0,0,0,0,30,0,1200,1179.312661133493,155.39359700051136,2336.287596997863,415.0
1789364919,30,POST,/auth/register-organization,0.000000,0.000000,0,0,0,0,0,0,0,0,0,0,0,30,0,2500,2410.6155217330524,791.8378260001191,3930.708912001137,151.46666666666667
1789364919,30,POST,/hunting/search,4.100000,0.000000,200,220,250,270,320,340,380,380,380,380,380,197,0,200,218.1277688122542,87.6070800004527,529.7113349988649,23.0
1789364919,30,GET,/incidents,5.200000,0.000000,150,180,210,220,260,290,300,300,300,300,300,252,0,160,169.8934400950863,47.121067000261974,594.8800030018901,2268.1984126984125
1789364919,30,POST,/incidents [seed],0.000000,0.000000,0,0,0,0,0,0,0,0,0,0,0,40,0,430,685.1649022250058,217.76152000165894,1646.3696079990768,508.475
1789364919,30,POST,/ingest/events,97.600000,0.000000,200,240,270,280,330,360,410,450,480,480,480,4442,0,200,216.9835987422696,38.583069002925185,1969.4338139997853,67.0
1789364919,30,GET,/users/me,1.600000,0.000000,170,210,210,210,260,320,320,320,320,320,320,93,0,160,174.56713491429258,49.45700399912312,382.5863230013056,703.0
1789364919,30,,Aggregated,114.500000,0.000000,190,240,260,270,330,360,400,440,460,480,480,5343,0,200,235.52865580875292,38.583069002925185,3930.708912001137,183.52405015908664
1789364920,30,GET,/alerts,5.600000,0.000000,160,180,220,240,270,290,310,310,310,310,310,244,0,150,166.8345819180551,44.22354500275105,387.2031170030823,2.0
1789364920,30,POST,/api-keys,0.000000,0.000000,0,0,0,0,0,0,0,0,0,0,0,22,0,730,813.6930921816449,195.00938199780649,1637.9163980018348,166.0
1789364920,30,POST,/auth/login,0.000000,0.000000,0,0,0,0,0,0,0,0,0,0,0,30,0,1200,1179.312661133493,155.39359700051136,2336.287596997863,415.0
1789364920,30,POST,/auth/register-organization,0.000000,0.000000,0,0,0,0,0,0,0,0,0,0,0,30,0,2500,2410.6155217330524,791.8378260001191,3930.708912001137,151.46666666666667
1789364920,30,POST,/hunting/search,4.300000,0.000000,200,240,270,280,320,340,380,380,380,380,380,203,0,200,218.35262732517364,87.6070800004527,529.7113349988649,23.0
1789364920,30,GET,/incidents,4.900000,0.000000,140,180,210,220,260,290,300,300,300,300,300,258,0,160,169.2953874339729,47.121067000261974,594.8800030018901,2268.220930232558
1789364920,30,POST,/incidents [seed],0.000000,0.000000,0,0,0,0,0,0,0,0,0,0,0,40,0,430,685.1649022250058,217.76152000165894,1646.3696079990768,508.475
1789364920,30,POST,/ingest/events,94.400000,0.000000,210,250,270,280,330,360,400,450,480,480,480,4526,0,200,217.35502251019946,38.583069002925185,1969.4338139997853,67.0
1789364920,30,GET,/users/me,1.700000,0.000000,160,200,210,210,260,320,320,320,320,320,320,96,0,150,173.36144669824685,49.45700399912312,382.5863230013056,703.0
1789364920,30,,Aggregated,110.900000,0.000000,200,240,260,280,330,360,390,440,480,480,480,5449,0,200,235.29246681228997,38.583069002925185,3930.708912001137,183.90034868783263
1789364921,30,GET,/alerts,5.300000,0.000000,160,180,220,230,270,290,310,310,310,310,310,247,0,160,167.38509541297714,44.22354500275105,387.2031170030823,2.0
1789364921,30,POST,/api-keys,0.000000,0.000000,0,0,0,0,0,0,0,0,0,0,0,22,0,730,813.6930921816449,195.00938199780649,1637.9163980018348,166.0
1789364921,30,POST,/auth/login,0.000000,0.000000,0,0,0,0,0,0,0,0,0,0,0,30,0,1200,1179.312661133493,155.39359700051136,2336.287596997863,415.0
1789364921,30,POST,/auth/register-organization,0.000000,0.000000,0,0,0,0,0,0,0,0,0,0,0,30,0,2500,2410.6155217330524,791.8378260001191,3930.708912001137,151.46666666666667
1789364921,30,POST,/hunting/search,4.500000,0.000000,210,250,270,280,330,360,380,380,380,380,380,205,0,200,217.72737265371066,87.6070800004527,529.7113349988649,23.0
1789364921,30,GET,/incidents,5.000000,0.000000,160,210,220,240,290,300,320,320,320,320,320,264,0,160,170.3960556627394,47.121067000261974,594.8800030018901,2268.2348484848485
1789364921,30,POST,/incidents [seed],0.000000,0.000000,0,0,0,0,0,0,0,0,0,0,0,40,0,430,685.1649022250058,217.76152000165894,1646.3696079990768,508.475
1789364921,30,POST,/ingest/events,93.500000,0.000000,220,250,270,290,340,370,430,450,480,480,480,4620,0,200,216.93000705804727,38.583069002925185,1969.4338139997853,67.0
1789364921,30,GET,/users/me,2.000000,0.000000,170,200,210,210,260,320,320,320,320,320,320,96,0,150,173.36144669824685,49.45700399912312,382.5863230013056,703.0
1789364921,30,,Aggregated,110.300000,0.000000,210,250,270,280,330,360,400,450,480,480,480,5554,0,200,234.57468666729963,38.583069002925185,3930.708912001137,184.01800504141158
1789364922,30,GET,/alerts,5.100000,0.000000,170,200,230,240,270,290,350,350,350,350,350,252,0,160,167.79947919048792,44.22354500275105,387.2031170030823,2.0
1789364922,30,POST,/api-keys,0.000000,0.000000,0,0,0,0,0,0,0,0,0,0,0,22,0,730,813.6930921816449,195.00938199780649,1637.9163980018348,166.0
1789364922,30,POST,/auth/login,0.000000,0.000000,0,0,0,0,0,0,0,0,0,0,0,30,0,1200,1179.312661133493,155.39359700051136,2336.287596997863,415.0
1789364922,30,POST,/auth/register-organization,0.000000,0.000000,0,0,0,0,0,0,0,0,0,0,0,30,0,2500,2410.6155217330524,791.8378260001191,3930.708912001137,151.46666666666667
1789364922,30,POST,/hunting/search,4.600000,0.000000,210,250,270,280,330,350,380,380,380,380,380,209,0,200,218.06935483735495,87.6070800004527,529.7113349988649,23.0
1789364922,30,GET,/incidents,5.000000,0.000000,150,180,210,240,280,300,310,320,320,320,320,273,0,160,169.779605131715,47.121067000261974,594.8800030018901,2268.2417582417584
1789364922,30,POST,/incidents [seed],0.000000,0.000000,0,0,0,0,0,0,0,0,0,0,0,40,0,430,685.1649022250058,217.76152000165894,1646.3696079990768,508.475
1789364922,30,POST,/ingest/events,92.300000,0.000000,220,260,280,290,340,370,430,450,480,480,480,4720,0,200,216.63966589495288,38.583069002925185,1969.4338139997853,67.0
1789364922,30,GET,/users/me,2.000000,0.000000,170,200,210,210,260,320,320,320,320,320,320,97,0,150,173.07742449514822,49.45700399912312,382.5863230013056,703.0
1789364922,30,,Aggregated,109.000000,0.000000,210,250,270,290,340,370,400,450,480,480,480,5673,0,200,233.8348702487515,38.583069002925185,3930.708912001137,185.07967565661906
1789364923,30,GET,/alerts,5.100000,0.000000,170,200,230,240,270,270,350,350,350,350,350,258,0,160,168.33974212793748,44.22354500275105,387.2031170030823,2.0
1789364923,30,POST,/api-keys,0.000000,0.000000,0,0,0,0,0,0,0,0,0,0,0,22,0,730,813.6930921816449,195.00938199780649,1637.9163980018348,166.0
1789364923,30,POST,/auth/login,0.000000,0.000000,0,0,0,0,0,0,0,0,0,0,0,30,0,1200,1179.312661133493,155.39359700051136,2336.287596997863,415.0
1789364923,30,POST,/auth/register-organization,0.000000,0.000000,0,0,0,0,0,0,0,0,0,0,0,30,0,2500,2410.6155217330524,791.8378260001191,3930.708912001137,151.46666666666667
1789364923,30,POST,/hunting/search,4.500000,0.000000,210,240,260,280,320,350,380,380,380,380,380,211,0,200,218.4348508009896,87.6070800004527,529.7113349988649,23.0
1789364923,30,GET,/incidents,5.300000,0.000000,150,180,220,250,290,310,320,390,390,390,390,278,0,160,170.0309084710903,47.121067000261974,594.8800030018901,2268.2302158273383
1789364923,30,POST,/incidents [seed],0.000000,0.000000,0,0,0,0,0,0,0,0,0,0,0,40,0,430,685.1649022250058,217.76152000165894,1646.3696079990768,508.475
1789364923,30,POST,/ingest/events,92.000000,0.000000,210,250,280,290,340,370,390,430,480,480,480,4806,0,200,217.08210391909702,38.583069002925185,1969.4338139997853,67.0
1789364923,30,GET,/users/me,2.000000,0.000000,160,210,210,210,260,260,260,260,260,260,260,100,0,150,173.39781875034532,49.45700399912312,382.5863230013056,703.0
1789364923,30,,Aggregated,108.900000,0.000000,210,250,270,280,330,360,390,430,480,480,480,5775,0,200,233.84104977596317,38.583069002925185,3930.708912001137,185.147012987013
1789364924,30,GET,/alerts,5.100000,0.000000,160,200,230,240,250,270,350,350,350,350,350,262,0,160,167.61657686645026,44.22354500275105,387.2031170030823,2.0
1789364924,30,POST,/api-keys,0.000000,0.000000,0,0,0,0,0,0,0,0,0,0,0,22,0,730,813.6930921816449,195.00938199780649,1637.9163980018348,166.0
1789364924,30,POST,/auth/login,0.000000,0.000000,0,0,0,0,0,0,0,0,0,0,0,30,0,1200,1179.312661133493,155.39359700051136,2336.287596997863,415.0
1789364924,30,POST,/auth/register-organization,0.000000,0.000000,0,0,0,0,0,0,0,0,0,0,0,30,0,2500,2410.6155217330524,791.8378260001191,3930.708912001137,151.46666666666667
1789364924,30,POST,/hunting/search,4.400000,0.000000,220,250,270,280,320,340,350,350,350,350,350,217,0,200,219.01363508760676,87.6070800004527,529.7113349988649,23.0
1789364924,30,GET,/incidents,5.500000,0.000000,150,180,240,270,290,320,330,390,390,390,390,282,0,160,170.7450107729167,47.121067000261974,594.8800030018901,2268.2340425531916
1789364924,30,POST,/incidents [seed],0.000000,0.000000,0,0,0,0,0,0,0,0,0,0,0,40,0,430,685.1649022250058,217.76152000165894,1646.3696079990768,508.475
1789364924,30,POST,/ingest/events,89.600000,0.000000,210,260,280,290,340,370,410,430,480,480,480,4886,0,200,217.32142289873104,38.583069002925185,1969.4338139997853,67.0
1789364924,30,GET,/users/me,1.900000,0.000000,160,200,210,210,260,260,260,260,260,260,260,102,0,150,173.13449125521956,49.45700399912312,382.5863230013056,703.0
1789364924,30,,Aggregated,106.500000,0.000000,210,250,270,290,340,370,400,430,480,480,480,5871,0,200,233.7062638366901,38.583069002925185,3930.708912001137,184.8424459206268
1789364925,30,GET,/alerts,4.900000,0.000000,160,200,230,240,270,350,350,350,350,350,350,265,0,160,168.21915260004045,44.22354500275105,387.2031170030823,2.0
1789364925,30,POST,/api-keys,0.000000,0.000000,0,0,0,0,0,0,0,0,0,0,0,22,0,730,813.6930921816449,195.00938199780649,1637.9163980018348,166.0
1789364925,30,POST,/auth/login,0.000000,0.000000,0,0,0,0,0,0,0,0,0,0,0,30,0,1200,1179.312661133493,155.39359700051136,2336.287596997863,415.0
1789364925,30,POST,/auth/register-organization,0.000000,0.000000,0,0,0,0,0,0,0,0,0,0,0,30,0,2500,2410.6155217330524,791.8378260001191,3930.708912001137,151.46666666666667
1789364925,30,POST,/hunting/search,4.300000,0.000000,220,250,270,280,320,340,350,350,350,350,350,224,0,200,218.53682723665966,87.6070800004527,529.7113349988649,23.0
1789364925,30,GET,/incidents,5.600000,0.000000,170,230,270,290,310,330,340,390,390,390,390,287,0,160,172.24526537617467,47.121067000261974,594.8800030018901,2268.243902439024
1789364925,30,POST,/incidents [seed],0.000000,0.000000,0,0,0,0,0,0,0,0,0,0,0,40,0,430,685.1649022250058,217.76152000165894,1646.3696079990768,508.475
1789364925,30,POST,/ingest/events,88.100000,0.000000,210,260,280,300,350,370,410,430,480,480,480,4973,0,200,217.46748257676023,38.583069002925185,1969.4338139997853,67.0
1789364925,30,GET,/users/me,2.000000,0.000000,160,170,210,210,260,260,260,260,260,260,260,104,0,150,171.5024331926473,49.45700399912312,382.5863230013056,703.0
1789364925,30,,Aggregated,104.900000,0.000000,200,250,280,290,340,370,400,430,480,480,480,5975,0,200,233.51840157527045,38.583069002925185,3930.708912001137,184.76251046025104
1789364926,30,GET,/alerts,4.600000,0.000000,160,170,220,240,250,270,350,350,350,350,350,271,0,160,166.8901053358425,44.22354500275105,387.2031170030823,2.0
1789364926,30,POST,/api-keys,0.000000,0.000000,0,0,0,0,0,0,0,0,0,0,0,22,0,730,813.6930921816449,195.00938199780649,1637.9163980018348,166.0
1789364926,30,POST,/auth/login,0.000000,0.000000,0,0,0,0,0,0,0,0,0,0,0,30,0,1200,1179.312661133493,155.39359700051136,2336.287596997863,415.0
1789364926,30,POST,/auth/register-organization,0.000000,0.000000,0,0,0,0,0,0,0,0,0,0,0,30,0,2500,2410.6155217330524,791.8378260001191,3930.708912001137,151.46666666666667
1789364926,30,POST,/hunting/search,4.500000,0.000000,220,240,260,280,320,340,350,350,350,350,350,228,0,200,218.27538542111782,87.6070800004527,529.7113349988649,23.0
1789364926,30,GET,/incidents,5.600000,0.000000,150,210,260,280,310,330,340,390,390,390,390,297,0,160,171.483771673256,47.121067000261974,594.8800030018901,2268.2323232323233
1789364926,30,POST,/incidents [seed],0.000000,0.000000,0,0,0,0,0,0,0,0,0,0,0,40,0,430,685.1649022250058,217.76152000165894,1646.3696079990768,508.475
1789364926,30,POST,/ingest/events,89.100000,0.000000,210,260,280,300,340,370,410,430,480,480,480,5074,0,200,217.18798799097783,38.583069002925185,1969.4338139997853,67.0
1789364926,30,GET,/users/me,2.000000,0.000000,160,170,210,210,260,260,260,260,260,260,260,105,0,150,171.17936955272896,49.45700399912312,382.5863230013056,703.0
1789364926,30,,Aggregated,105.800000,0.000000,200,250,270,290,340,370,400,430,480,480,480,6097,0,200,232.72364459262508,38.583069002925185,3930.708912001137,186.02739051992782
1789364927,30,GET,/alerts,4.400000,0.000000,160,200,220,240,250,270,350,350,350,350,350,276,0,160,167.2106826739685,44.22354500275105,387.2031170030823,2.0
1789364927,30,POST,/api-keys,0.000000,0.000000,0,0,0,0,0,0,0,0,0,0,0,22,0,730,813.6930921816449,195.00938199780649,1637.9163980018348,166.0
1789364927,30,POST,/auth/login,0.000000,0.000000,0,0,0,0,0,0,0,0,0,0,0,30,0,1200,1179.312661133493,155.39359700051136,2336.287596997863,415.0
1789364927,30,POST,/auth/register-organization,0.000000,0.000000,0,0,0,0,0,0,0,0,0,0,0,30,0,2500,2410.6155217330524,791.8378260001191,3930.708912001137,151.46666666666667
1789364927,30,POST,/hunting/search,4.400000,0.000000,220,240,250,260,320,340,350,350,350,350,350,230,0,200,217.68034882615726,87.6070800004527,529.7113349988649,23.0
1789364927,30,GET,/incidents,5.800000,0.000000,160,210,260,280,310,330,340,390,390,390,390,300,0,160,171.60425931318363,47.121067000261974,594.8800030018901,2268.2366666666667
1789364927,30,POST,/incidents [seed],0.000000,0.000000,0,0,0,0,0,0,0,0,0,0,0,40,0,430,685.1649022250058,217.76152000165894,1646.3696079990768,508.475
1789364927,30,POST,/ingest/events,88.500000,0.000000,210,260,280,290,340,370,410,430,480,480,480,5159,0,200,217.06947542474202,38.583069002925185,1969.4338139997853,67.0
1789364927,30,GET,/users/me,2.100000,0.000000,160,170,210,210,260,260,280,280,280,280,280,108,0,150,170.16033201882777,49.45700399912312,382.5863230013056,703.0
1789364927,30,,Aggregated,105.200000,0.000000,200,250,270,290,340,360,400,430,480,480,480,6195,0,200,232.27479186751503,38.583069002925185,3930.708912001137,185.45197740112994
1789364928,30,GET,/alerts,4.500000,0.000000,160,200,220,250,270,350,370,370,370,370,370,282,0,160,168.17265793978942,44.22354500275105,387.2031170030823,2.0
1789364928,30,POST,/api-keys,0.000000,0.000000,0,0,0,0,0,0,0,0,0,0,0,22,0,730,813.6930921816449,195.00938199780649,1637.9163980018348,166.0
1789364928,30,POST,/auth/login,0.000000,0.000000,0,0,0,0,0,0,0,0,0,0,0,30,0,1200,1179.312661133493,155.39359700051136,2336.287596997863,415.0
1789364928,30,POST,/auth/register-organization,0.000000,0.000000,0,0,0,0,0,0,0,0,0,0,0,30,0,2500,2410.6155217330524,791.8378260001191,3930.708912001137,151.46666666666667
1789364928,30,POST,/hunting/search,4.300000,0.000000,220,240,250,260,320,340,350,350,350,350,350,234,0,200,217.15285246160093,75.3809009984252,529.7113349988649,23.0
1789364928,30,GET,/incidents,5.900000,0.000000,170,220,260,280,310,330,340,390,390,390,390,305,0,160,172.27974152116136,47.121067000261974,594.8800030018901,2268.2295081967213
1789364928,30,POST,/incidents [seed],0.000000,0.000000,0,0,0,0,0,0,0,0,0,0,0,40,0,430,685.1649022250058,217.76152000165894,1646.3696079990768,508.475
1789364928,30,POST,/ingest/events,89.100000,0.000000,210,250,280,300,340,370,430,450,500,500,500,5236,0,200,217.76402505944682,38.583069002925185,1969.4338139997853,67.0
1789364928,30,GET,/users/me,2.000000,0.000000,150,170,200,210,260,280,280,280,280,280,280,111,0,150,170.58754894622342,49.45700399912312,382.5863230013056,703.0
1789364928,30,,Aggregated,105.800000,0.000000,200,250,270,290,340,370,420,450,500,500,500,6290,0,200,232.58141827126795,38.583069002925185,3930.708912001137,185.62575516693164
1789364929,30,GET,/alerts,4.700000,0.000000,170,200,240,250,310,350,370,370,370,370,370,287,0,160,168.95614719868232,44.22354500275105,387.2031170030823,2.0
1789364929,30,POST,/api-keys,0.000000,0.000000,0,0,0,0,0,0,0,0,0,0,0,22,0,730,813.6930921816449,195.00938199780649,1637.9163980018348,166.0
1789364929,30,POST,/auth/login,0.000000,0.000000,0,0,0,0,0,0,0,0,0,0,0,30,0,1200,1179.312661133493,155.39359700051136,2336.287596997863,415.0
1789364929,30,POST,/auth/register-organization,0.000000,0.000000,0,0,0,0,0,0,0,0,0,0,0,30,0,2500,2410.6155217330524,791.8378260001191,3930.708912001137,151.46666666666667
1789364929,30,POST,/hunting/search,4.200000,0.000000,200,240,250,250,280,340,350,350,350,350,350,240,0,200,216.20915017504862,75.3809009984252,529.7113349988649,23.0
1789364929,30,GET,/incidents,5.800000,0.000000,180,220,260,280,310,340,380,390,390,390,390,312,0,160,172.49820498060822,47.121067000261974,594.8800030018901,2268.227564102564
1789364929,30,POST,/incidents [seed],0.000000,0.000000,0,0,0,0,0,0,0,0,0,0,0,40,0,430,685.1649022250058,217.76152000165894,1646.3696079990768,508.475
1789364929,30,POST,/ingest/events,89.200000,0.000000,200,250,270,290,340,380,430,450,500,500,500,5350,0,200,217.10397606658583,38.583069002925185,1969.4338139997853,67.0
1789364929,30,GET,/users/me,2.200000,0.000000,150,190,210,230,260,280,280,280,280,280,280,112,0,150,171.0749692949126,49.45700399912312,382.5863230013056,703.0
1789364929,30,,Aggregated,106.100000,0.000000,200,240,270,290,340,370,430,450,500,500,500,6423,0,200,231.6475803148434,38.583069002925185,3930.708912001137,185.5755877315896
1789364930,30,GET,/alerts,4.700000,0.000000,170,200,240,250,330,350,370,370,370,370,370,293,0,160,169.6027074505932,44.22354500275105,387.2031170030823,2.0
1789364930,30,POST,/api-keys,0.000000,0.000000,0,0,0,0,0,0,0,0,0,0,0,22,0,730,813.6930921816449,195.00938199780649,1637.9163980018348,166.0
1789364930,30,POST,/auth/login,0.000000,0.000000,0,0,0,0,0,0,0,0,0,0,0,30,0,1200,1179.312661133493,155.39359700051136,2336.287596997863,415.0
1789364930,30,POST,/auth/register-organization,0.000000,0.000000,0,0,0,0,0,0,0,0,0,0,0,30,0,2500,2410.6155217330524,791.8378260001191,3930.708912001137,151.46666666666667
1789364930,30,POST,/hunting/search,4.200000,0.000000,200,240,240,250,280,340,350,350,350,350,350,242,0,200,215.90570257029876,75.3809009984252,529.7113349988649,23.0
1789364930,30,GET,/incidents,5.800000,0.000000,170,210,250,270,300,340,380,390,390,390,390,318,0,160,171.560959273447,47.121067000261974,594.8800030018901,2268.223270440252
1789364930,30,POST,/incidents [seed],0.000000,0.000000,0,0,0,0,0,0,0,0,0,0,0,40,0,430,685.1649022250058,217.76152000165894,1646.3696079990768,508.475
1789364930,30,POST,/ingest/events,87.500000,0.000000,210,250,270,290,350,380,430,450,500,500,500,5433,0,200,217.17605500611754,38.583069002925185,1969.4338139997853,67.0
1789364930,30,GET,/users/me,2.400000,0.000000,150,170,210,230,260,280,280,280,280,280,280,114,0,150,170.1686487809766,49.45700399912312,382.5863230013056,703.0
1789364930,30,,Aggregated,104.600000,0.000000,200,240,270,290,340,370,420,450,500,500,500,6522,0,200,231.34338864861246,38.583069002925185,3930.708912001137,185.9222631094756
1789364931,30,GET,/alerts,5.000000,0.000000,170,210,240,250,310,350,370,370,370,370,370,299,0,160,169.76285009707416,44.22354500275105,387.2031170030823,2.0
1789364931,30,POST,/api-keys,0.000000,0.000000,0,0,0,0,0,0,0,0,0,0,0,22,0,730,813.6930921816449,195.00938199780649,1637.9163980018348,166.0
1789364931,30,POST,/auth/login,0.000000,0.000000,0,0,0,0,0,0,0,0,0,0,0,30,0,1200,1179.312661133493,155.39359700051136,2336.287596997863,415.0
1789364931,30,POST,/auth/register-organization,0.000000,0.000000,0,0,0,0,0,0,0,0,0,0,0,30,0,2500,2410.6155217330524,791.8378260001191,3930.708912001137,151.46666666666667
1789364931,30,POST,/hunting/search,4.300000,0.000000,190,220,240,250,280,320,340,340,340,340,340,244,0,200,215.49658625413852,75.3809009984252,529.7113349988649,23.0
1789364931,30,GET,/incidents,6.000000,0.000000,160,210,260,270,300,340,380,390,390,390,390,324,0,160,171.42079777148203,47.121067000261974,594.8800030018901,2268.2345679012346
1789364931,30,POST,/incidents [seed],0.000000,0.000000,0,0,0,0,0,0,0,0,0,0,0,40,0,430,685.1649022250058,217.76152000165894,1646.3696079990768,508.475
1789364931,30,POST,/ingest/events,89.500000,0.000000,200,240,270,290,340,380,430,450,500,500,500,5537,0,200,216.53264974250794,38.583069002925185,1969.4338139997853,67.0
1789364931,30,GET,/users/me,1.900000,0.000000,140,190,230,230,260,280,330,330,330,330,330,118,0,150,170.69043735614673,49.45700399912312,382.5863230013056,703.0
1789364931,30,,Aggregated,106.700000,0.000000,200,240,270,290,340,370,420,450,500,500,500,6644,0,200,230.42881404850655,38.583069002925185,3930.708912001137,186.03792895845876
1789364932,30,GET,/alerts,5.000000,0.000000,180,210,240,240,330,360,370,370,370,370,370,304,0,160,170.62238480928883,44.22354500275105,387.2031170030823,2.0
1789364932,30,POST,/api-keys,0.000000,0.000000,0,0,0,0,0,0,0,0,0,0,0,22,0,730,813.6930921816449,195.00938199780649,1637.9163980018348,166.0
1789364932,30,POST,/auth/login,0.000000,0.000000,0,0,0,0,0,0,0,0,0,0,0,30,0,1200,1179.312661133493,155.39359700051136,2336.287596997863,415.0
1789364932,30,POST,/auth/register-organization,0.000000,0.000000,0,0,0,0,0,0,0,0,0,0,0,30,0,2500,2410.6155217330524,791.8378260001191,3930.708912001137,151.46666666666667
1789364932,30,POST,/hunting/search,3.900000,0.000000,190,220,240,250,280,320,340,340,340,340,340,246,0,200,215.38957502442776,75.3809009984252,529.7113349988649,23.0
1789364932,30,GET,/incidents,6.200000,0.000000,160,210,240,260,300,330,340,380,380,380,380,329,0,160,171.03155425821905,47.121067000261974,594.8800030018901,2268.243161094225
1789364932,30,POST,/incidents [seed],0.000000,0.000000,0,0,0,0,0,0,0,0,0,0,0,40,0,430,685.1649022250058,217.76152000165894,1646.3696079990768,508.475
1789364932,30,POST,/ingest/events,91.400000,0.000000,210,250,280,300,350,400,430,450,500,500,500,5615,0,200,217.32477140806571,38.583069002925185,1969.4338139997853,67.0
1789364932,30,GET,/users/me,1.900000,0.000000,140,190,230,230,280,290,330,330,330,330,330,122,0,150,171.38299463956963,49.45700399912312,382.5863230013056,703.0
1789364932,30,,Aggregated,108.400000,0.000000,200,250,270,290,350,380,430,450,500,500,500,6738,0,200,230.82775722681737,38.583069002925185,3930.708912001137,186.3273968536658
1789364933,30,GET,/alerts,5.100000,0.000000,180,210,240,260,350,360,370,370,370,370,370,309,0,160,170.77007045639994,44.22354500275105,387.2031170030823,2.0
1789364933,30,POST,/api-keys,0.000000,0.000000,0,0,0,0,0,0,0,0,0,0,0,22,0,730,813.6930921816449,195.00938199780649,1637.9163980018348,166.0
1789364933,30,POST,/auth/login,0.000000,0.000000,0,0,0,0,0,0,0,0,0,0,0,30,0,1200,1179.312661133493,155.39359700051136,2336.287596997863,415.0
1789364933,30,POST,/auth/register-organization,0.000000,0.000000,0,0,0,0,0,0,0,0,0,0,0,30,0,2500,2410.6155217330524,791.8378260001191,3930.708912001137,151.46666666666667
1789364933,30,POST,/hunting/search,3.800000,0.000000,190,220,220,240,250,280,320,320,320,320,320,251,0,200,215.0279860199437,75.3809009984252,529.7113349988649,23.0
1789364933,30,GET,/incidents,5.800000,0.000000,160,210,230,260,300,320,380,380,380,380,380,332,0,160,171.3365706835971,47.121067000261974,594.8800030018901,2268.246987951807
1789364933,30,POST,/incidents [seed],0.000000,0.000000,0,0,0,0,0,0,0,0,0,0,0,40,0,430,685.1649022250058,217.76152000165894,1646.3696079990768,508.475
1789364933,30,POST,/ingest/events,91.000000,0.000000,210,250,280,290,350,380,430,440,500,500,500,5715,0,200,217.14211202507178,38.583069002925185,1969.4338139997853,67.0
1789364933,30,GET,/users/me,2.200000,0.000000,140,230,230,250,290,300,330,330,330,330,330,126,0,150,172.08458634940186,49.45700399912312,382.5863230013056,703.0
1789364933,30,,Aggregated,107.900000,0.000000,200,250,270,290,340,370,420,440,500,500,500,6855,0,200,230.38355002702977,38.583069002925185,3930.708912001137,185.545878920496
1789364934,30,GET,/alerts,5.000000,0.000000,190,240,260,290,330,370,370,370,370,370,370,317,0,160,173.20771100008636,44.22354500275105,387.2031170030823,2.0
1789364934,30,POST,/api-keys,0.000000,0.000000,0,0,0,0,0,0,0,0,0,0,0,22,0,730,813.6930921816449,195.00938199780649,1637.9163980018348,166.0
1789364934,30,POST,/auth/login,0.000000,0.000000,0,0,0,0,0,0,0,0,0,0,0,30,0,1200,1179.312661133493,155.39359700051136,2336.287596997863,415.0
1789364934,30,POST,/auth/register-organization,0.000000,0.000000,0,0,0,0,0,0,0,0,0,0,0,30,0,2500,2410.6155217330524,791.8378260001191,3930.708912001137,151.46666666666667
1789364934,30,POST,/hunting/search,3.700000,0.000000,180,220,220,250,280,320,320,320,320,320,320,252,0,200,215.42540469844036,75.3809009984252,529.7113349988649,23.0
1789364934,30,GET,/incidents,5.600000,0.000000,160,190,230,240,280,300,320,380,380,380,380,338,0,160,171.34527062709026,47.121067000261974,594.8800030018901,2268.224852071006
1789364934,30,POST,/incidents [seed],0.000000,0.000000,0,0,0,0,0,0,0,0,0,0,0,40,0,430,685.1649022250058,217.76152000165894,1646.3696079990768,508.475
1789364934,30,POST,/ingest/events,88.500000,0.000000,200,250,270,290,340,380,420,440,500,500,500,5816,0,200,216.6084801064797,38.583069002925185,1969.4338139997853,67.0
1789364934,30,GET,/users/me,2.300000,0.000000,190,230,250,280,300,300,330,330,330,330,330,128,0,150,173.44602875016335,49.45700399912312,382.5863230013056,703.0
1789364934,30,,Aggregated,105.100000,0.000000,200,240,270,290,340,370,410,430,500,500,500,6973,0,200,229.7591351534905,38.583069002925185,3930.708912001137,185.5343467660978
1789364935,30,GET,/alerts,5.100000,0.000000,200,240,270,290,330,370,370,370,370,370,370,322,0,160,173.1591687112538,44.22354500275105,387.2031170030823,2.0
1789364935,30,POST,/api-keys,0.000000,0.000000,0,0,0,0,0,0,0,0,0,0,0,22,0,730,813.6930921816449,195.00938199780649,1637.9163980018348,166.0
1789364935,30,POST,/auth/login,0.000000,0.000000,0,0,0,0,0,0,0,0,0,0,0,30,0,1200,1179.312661133493,155.39359700051136,2336.287596997863,415.0
1789364935,30,POST,/auth/register-organization,0.000000,0.000000,0,0,0,0,0,0,0,0,0,0,0,30,0,2500,2410.6155217330524,791.8378260001191,3930.708912001137,151.46666666666667
1789364935,30,POST,/hunting/search,4.000000,0.000000,190,220,230,240,270,280,320,320,320,320,320,253,0,200,215.536301909121,75.3809009984252,529.7113349988649,23.0
1789364935,30,GET,/incidents,5.500000,0.000000,160,200,230,250,300,300,380,380,380,380,380,341,0,160,171.45284467435104,47.121067000261974,594.8800030018901,2268.2170087976538
1789364935,30,POST,/incidents [seed],0.000000,0.000000,0,0,0,0,0,0,0,0,0,0,0,40,0,430,685.1649022250058,217.76152000165894,1646.3696079990768,508.475
1789364935,30,POST,/ingest/events,89.400000,0.000000,200,250,280,300,340,380,430,440,500,500,500,5906,0,200,216.22035688897378,38.583069002925185,1969.4338139997853,67.0
1789364935,30,GET,/users/me,2.400000,0.000000,190,230,250,280,300,300,330,330,330,330,330,130,0,150,172.90465516939898,49.45700399912312,382.5863230013056,703.0
1789364935,30,,Aggregated,106.400000,0.000000,200,250,270,290,340,370,410,440,500,500,500,7074,0,200,229.1820864155043,38.583069002925185,3930.708912001137,184.9027424370936
1789364936,30,GET,/alerts,5.100000,0.000000,210,260,290,300,360,370,370,370,370,370,370,326,0,160,173.53548600621716,44.22354500275105,387.2031170030823,2.0
1789364936,30,POST,/api-keys,0.000000,0.000000,0,0,0,0,0,0,0,0,0,0,0,22,0,730,813.6930921816449,195.00938199780649,1637.9163980018348,166.0
1789364936,30,POST,/auth/login,0.000000,0.000000,0,0,0,0,0,0,0,0,0,0,0,30,0,1200,1179.312661133493,155.39359700051136,2336.287596997863,415.0
1789364936,30,POST,/auth/register-organization,0.000000,0.000000,0,0,0,0,0,0,0,0,0,0,0,30,0,2500,2410.6155217330524,791.8378260001191,3930.708912001137,151.46666666666667
1789364936,30,POST,/hunting/search,3.400000,0.000000,180,220,230,240,270,280,320,320,320,320,320,256,0,200,215.11872274612642,75.3809009984252,529.7113349988649,23.0
1789364936,30,GET,/incidents,5.500000,0.000000,160,200,250,260,300,320,370,380,380,380,380,351,0,160,172.06274559817948,47.121067000261974,594.8800030018901,2268.2136752136753
1789364936,30,POST,/incidents [seed],0.000000,0.000000,0,0,0,0,0,0,0,0,0,0,0,40,0,430,685.1649022250058,217.76152000165894,1646.3696079990768,508.475
1789364936,30,POST,/ingest/events,91.800000,0.000000,190,250,280,300,340,380,420,440,500,500,500,6014,0,200,216.01327364304572,38.583069002925185,1969.4338139997853,67.0
1789364936,30,GET,/users/me,2.600000,0.000000,190,230,250,250,300,300,330,330,330,330,330,132,0,150,172.36106318198313,49.45700399912312,382.5863230013056,703.0
1789364936,30,,Aggregated,108.400000,0.000000,190,240,270,290,340,380,420,430,500,500,500,7201,0,200,228.70409148705554,38.583069002925185,3930.708912001137,186.00222191362312
1789364937,30,GET,/alerts,5.600000,0.000000,200,240,260,300,330,360,370,370,370,370,370,330,0,160,173.29703093947143,44.22354500275105,387.2031170030823,2.0
1789364937,30,POST,/api-keys,0.000000,0.000000,0,0,0,0,0,0,0,0,0,0,0,22,0,730,813.6930921816449,195.00938199780649,1637.9163980018348,166.0
1789364937,30,POST,/auth/login,0.000000,0.000000,0,0,0,0,0,0,0,0,0,0,0,30,0,1200,1179.312661133493,155.39359700051136,2336.287596997863,415.0
1789364937,30,POST,/auth/register-organization,0.000000,0.000000,0,0,0,0,0,0,0,0,0,0,0,30,0,2500,2410.6155217330524,791.8378260001191,3930.708912001137,151.46666666666667
1789364937,30,POST,/hunting/search,3.000000,0.000000,180,220,230,240,280,280,320,320,320,320,320,260,0,200,214.41757693850937,75.3809009984252,529.7113349988649,23.0
1789364937,30,GET,/incidents,5.300000,0.000000,160,180,250,260,300,320,370,380,380,380,380,358,0,160,171.78596915074303,47.121067000261974,594.8800030018901,2268.22625698324
1789364937,30,POST,/incidents [seed],0.000000,0.000000,0,0,0,0,0,0,0,0,0,0,0,40,0,430,685.1649022250058,217.76152000165894,1646.3696079990768,508.475
1789364937,30,POST,/ingest/events,93.100000,0.000000,180,240,270,290,340,380,420,440,500,500,500,6122,0,200,215.2301099361817,38.583069002925185,1969.4338139997853,67.0
1789364937,30,GET,/users/me,2.600000,0.000000,170,220,250,250,300,300,330,330,330,330,330,135,0,150,170.23850662239798,41.11185299916542,382.5863230013056,703.0
1789364937,30,,Aggregated,109.600000,0.000000,180,240,270,290,340,370,410,430,500,500,500,7327,0,200,227.6596954000716,38.583069002925185,3930.708912001137,186.26027023338338
1789364938,30,GET,/alerts,5.500000,0.000000,210,230,260,290,330,360,370,370,370,370,370,333,0,160,173.32148347755262,44.22354500275105,387.2031170030823,2.0
1789364938,30,POST,/api-keys,0.000000,0.000000,0,0,0,0,0,0,0,0,0,0,0,22,0,730,813.6930921816449,195.00938199780649,1637.9163980018348,166.0
1789364938,30,POST,/auth/login,0.000000,0.000000,0,0,0,0,0,0,0,0,0,0,0,30,0,1200,1179.312661133493,155.39359700051136,2336.287596997863,415.0
1789364938,30,POST,/auth/register-organization,0.000000,0.000000,0,0,0,0,0,0,0,0,0,0,0,30,0,2500,2410.6155217330524,791.8378260001191,3930.708912001137,151.46666666666667
1789364938,30,POST,/hunting/search,2.800000,0.000000,190,220,240,240,280,280,320,320,320,320,320,264,0,200,214.68239575761166,75.3809009984252,529.7113349988649,23.0
1789364938,30,GET,/incidents,5.500000,0.000000,140,170,200,250,300,320,320,370,370,370,370,365,0,160,170.93739335881492,47.121067000261974,594.8800030018901,2268.221917808219
1789364938,30,POST,/incidents [seed],0.000000,0.000000,0,0,0,0,0,0,0,0,0,0,0,40,0,430,685.1649022250058,217.76152000165894,1646.3696079990768,508.475
1789364938,30,POST,/ingest/events,93.300000,0.000000,180,240,270,290,340,380,410,420,450,450,450,6224,0,200,215.01479112633007,38.583069002925185,1969.4338139997853,67.0
1789364938,30,GET,/users/me,2.700000,0.000000,140,200,230,250,300,300,330,330,330,330,330,140,0,150,169.3887508287714,41.11185299916542,382.5863230013056,703.0
1789364938,30,,Aggregated,109.800000,0.000000,180,240,270,290,330,370,400,420,440,450,450,7448,0,200,227.14239121150658,38.583069002925185,3930.708912001137,186.76852846401718
1789364939,30,GET,/alerts,5.300000,0.000000,200,230,260,290,330,360,370,370,370,370,370,337,0,160,172.57231644519106,44.22354500275105,387.2031170030823,2.0
1789364939,30,POST,/api-keys,0.000000,0.000000,0,0,0,0,0,0,0,0,0,0,0,22,0,730,813.6930921816449,195.00938199780649,1637.9163980018348,166.0
1789364939,30,POST,/auth/login,0.000000,0.000000,0,0,0,0,0,0,0,0,0,0,0,30,0,1200,1179.312661133493,155.39359700051136,2336.287596997863,415.0
1789364939,30,POST,/auth/register-organization,0.000000,0.000000,0,0,0,0,0,0,0,0,0,0,0,30,0,2500,2410.6155217330524,791.8378260001191,3930.708912001137,151.46666666666667
1789364939,30,POST,/hunting/search,2.900000,0.000000,210,240,240,240,280,280,320,320,320,320,320,268,0,200,214.3410733060184,75.3809009984252,529.7113349988649,23.0
1789364939,30,GET,/incidents,5.700000,0.000000,140,180,240,270,300,320,320,370,370,370,370,372,0,160,170.824275010658,47.121067000261974,594.8800030018901,2268.2096774193546
1789364939,30,POST,/incidents [seed],0.000000,0.000000,0,0,0,0,0,0,0,0,0,0,0,40,0,430,685.1649022250058,217.76152000165894,1646.3696079990768,508.475
1789364939,30,POST,/ingest/events,95.100000,0.000000,180,240,270,290,340,370,410,420,450,450,450,6322,0,200,214.63260394373503,38.583069002925185,1969.4338139997853,67.0
1789364939,30,GET,/users/me,2.600000,0.000000,170,220,230,250,300,300,330,330,330,330,330,142,0,150,169.61911594387882,41.11185299916542,382.5863230013056,703.0
1789364939,30,,Aggregated,111.600000,0.000000,180,240,270,290,330,370,400,420,440,450,450,7563,0,200,226.51670432253385,38.583069002925185,3930.708912001137,187.09467142668254
1789364940,30,GET,/alerts,5.100000,0.000000,180,230,260,260,320,360,370,370,370,370,370,342,0,160,172.0465838626557,44.22354500275105,387.2031170030823,2.0
1789364940,30,POST,/api-keys,0.000000,0.000000,0,0,0,0,0,0,0,0,0,0,0,22,0,730,813.6930921816449,195.00938199780649,1637.9163980018348,166.0
1789364940,30,POST,/auth/login,0.000000,0.000000,0,0,0,0,0,0,0,0,0,0,0,30,0,1200,1179.312661133493,155.39359700051136,2336.287596997863,415.0
1789364940,30,POST,/auth/register-organization,0.000000,0.000000,0,0,0,0,0,0,0,0,0,0,0,30,0,2500,2410.6155217330524,791.8378260001191,3930.708912001137,151.46666666666667
1789364940,30,POST,/hunting/search,3.000000,0.000000,220,240,250,250,280,280,320,320,320,320,320,271,0,200,214.38519892993895,75.3809009984252,529.7113349988649,23.0
1789364940,30,GET,/incidents,5.900000,0.000000,130,170,220,250,300,320,320,370,370,370,370,380,0,150,169.26604926569493,47.121067000261974,594.8800030018901,2268.2078947368423
1789364940,30,POST,/incidents [seed],0.000000,0.000000,0,0,0,0,0,0,0,0,0,0,0,40,0,430,685.1649022250058,217.76152000165894,1646.3696079990768,508.475
1789364940,30,POST,/ingest/events,97.100000,0.000000,170,240,270,280,330,370,400,420,450,450,450,6443,0,200,213.63180411272478,38.583069002925185,1969.4338139997853,67.0
1789364940,30,GET,/users/me,2.600000,0.000000,150,200,220,250,290,300,300,300,300,300,300,145,0,150,169.2602856967855,41.11185299916542,382.5863230013056,703.0
1789364940,30,,Aggregated,113.700000,0.000000,170,230,260,280,320,360,390,420,440,450,450,7703,0,190,225.26776116309463,38.583069002925185,3930.708912001137,187.3863429832533
1789364941,30,GET,/alerts,4.800000,0.000000,170,230,260,260,320,360,370,370,370,370,370,345,0,160,171.91779387833685,44.22354500275105,387.2031170030823,2.0
1789364941,30,POST,/api-keys,0.000000,0.000000,0,0,0,0,0,0,0,0,0,0,0,22,0,730,813.6930921816449,195.00938199780649,1637.9163980018348,166.0
1789364941,30,POST,/auth/login,0.000000,0.000000,0,0,0,0,0,0,0,0,0,0,0,30,0,1200,1179.312661133493,155.39359700051136,2336.287596997863,415.0
1789364941,30,POST,/auth/register-organization,0.000000,0.000000,0,0,0,0,0,0,0,0,0,0,0,30,0,2500,2410.6155217330524,791.8378260001191,3930.708912001137,151.46666666666667
1789364941,30,POST,/hunting/search,2.800000,0.000000,220,240,240,250,260,280,320,320,320,320,320,275,0,200,213.88427790550685,75.3809009984252,529.7113349988649,23.0
1789364941,30,GET,/incidents,6.100000,0.000000,140,170,220,260,300,320,320,370,370,370,370,389,0,150,168.58057250632143,47.121067000261974,594.8800030018901,2268.218508997429
1789364941,30,POST,/incidents [seed],0.000000,0.000000,0,0,0,0,0,0,0,0,0,0,0,40,0,430,685.1649022250058,217.76152000165894,1646.3696079990768,508.475
1789364941,30,POST,/ingest/events,97.600000,0.000000,170,230,260,270,320,350,380,400,420,420,420,6543,0,200,213.28347415868856,38.583069002925185,1969.4338139997853,67.0
1789364941,30,GET,/users/me,3.000000,0.000000,170,180,220,220,270,300,300,300,300,300,300,147,0,150,169.3888884764339,41.11185299916542,382.5863230013056,703.0
1789364941,30,,Aggregated,114.300000,0.000000,170,220,250,270,310,350,380,400,420,420,420,7821,0,190,224.66785393764576,38.583069002925185,3930.708912001137,188.21876997826365
1789364942,30,GET,/alerts,5.100000,0.000000,180,220,240,260,300,320,370,370,370,370,370,351,0,160,172.4645844986459,44.22354500275105,387.2031170030823,2.0
1789364942,30,POST,/api-keys,0.000000,0.000000,0,0,0,0,0,0,0,0,0,0,0,22,0,730,813.6930921816449,195.00938199780649,1637.9163980018348,166.0
1789364942,30,POST,/auth/login,0.000000,0.000000,0,0,0,0,0,0,0,0,0,0,0,30,0,1200,1179.312661133493,155.39359700051136,2336.287596997863,415.0
1789364942,30,POST,/auth/register-organization,0.000000,0.000000,0,0,0,0,0,0,0,0,0,0,0,30,0,2500,2410.6155217330524,791.8378260001191,3930.708912001137,151.46666666666667
1789364942,30,POST,/hunting/search,3.100000,0.000000,220,240,250,250,260,300,320,320,320,320,320,277,0,200,214.32485757046274,75.3809009984252,529.7113349988649,23.0
1789364942,30,GET,/incidents,5.800000,0.000000,140,170,220,250,290,310,320,370,370,370,370,394,0,150,168.7708507410124,47.121067000261974,594.8800030018901,2268.246192893401
1789364942,30,POST,/incidents [seed],0.000000,0.000000,0,0,0,0,0,0,0,0,0,0,0,40,0,430,685.1649022250058,217.76152000165894,1646.3696079990768,508.475
1789364942,30,POST,/ingest/events,99.000000,0.000000,160,220,260,270,320,340,380,390,420,420,420,6629,0,200,213.26125823039814,38.583069002925185,1969.4338139997853,67.0
1789364942,30,GET,/users/me,3.000000,0.000000,170,200,220,220,270,300,300,300,300,300,300,149,0,150,169.3640231075898,41.11185299916542,382.5863230013056,703.0
1789364942,30,,Aggregated,116.000000,0.000000,160,220,250,270,310,340,370,380,420,420,420,7922,0,190,224.48227464697484,38.583069002925185,3930.708912001137,188.16422620550367
1789364943,30,GET,/alerts,4.500000,0.000000,170,200,230,240,290,310,370,370,370,370,370,356,0,160,171.87335859275817,44.22354500275105,387.2031170030823,2.0
1789364943,30,POST,/api-keys,0.000000,0.000000,0,0,0,0,0,0,0,0,0,0,0,22,0,730,813.6930921816449,195.00938199780649,1637.9163980018348,166.0
1789364943,30,POST,/auth/login,0.000000,0.000000,0,0,0,0,0,0,0,0,0,0,0,30,0,1200,1179.312661133493,155.39359700051136,2336.287596997863,415.0
1789364943,30,POST,/auth/register-organization,0.000000,0.000000,0,0,0,0,0,0,0,0,0,0,0,30,0,2500,2410.6155217330524,791.8378260001191,3930.708912001137,151.46666666666667
1789364943,30,POST,/hunting/search,3.100000,0.000000,220,240,250,260,280,300,320,320,320,320,320,282,0,200,214.54548579792913,75.3809009984252,529.7113349988649,23.0
1789364943,30,GET,/incidents,6.600000,0.000000,140,170,220,250,270,310,320,370,370,370,370,400,0,150,168.44083870240866,43.541895000089426,594.8800030018901,2268.23
1789364943,30,POST,/incidents [seed],0.000000,0.000000,0,0,0,0,0,0,0,0,0,0,0,40,0,430,685.1649022250058,217.76152000165894,1646.3696079990768,508.475
1789364943,30,POST,/ingest/events,99.800000,0.000000,180,230,260,280,320,350,380,420,460,460,460,6730,0,200,213.0615835988564,38.583069002925185,1969.4338139997853,67.0
1789364943,30,GET,/users/me,2.900000,0.000000,170,180,220,220,240,270,270,270,270,270,270,151,0,150,170.16122780155487,41.11185299916542,382.5863230013056,703.0
1789364943,30,,Aggregated,116.900000,0.000000,170,230,260,270,320,340,380,420,440,460,460,8041,0,190,224.0603868618744,38.583069002925185,3930.708912001137,188.10322099241387
1789364944,30,GET,/alerts,4.800000,0.000000,150,180,190,210,240,300,310,310,310,310,310,359,0,160,171.49495359617478,44.22354500275105,387.2031170030823,2.0
1789364944,30,POST,/api-keys,0.000000,0.000000,0,0,0,0,0,0,0,0,0,0,0,22,0,730,813.6930921816449,195.00938199780649,1637.9163980018348,166.0
1789364944,30,POST,/auth/login,0.000000,0.000000,0,0,0,0,0,0,0,0,0,0,0,30,0,1200,1179.312661133493,155.39359700051136,2336.287596997863,415.0
1789364944,30,POST,/auth/register-organization,0.000000,0.000000,0,0,0,0,0,0,0,0,0,0,0,30,0,2500,2410.6155217330524,791.8378260001191,3930.708912001137,151.46666666666667
1789364944,30,POST,/hunting/search,3.100000,0.000000,220,240,260,260,280,300,320,320,320,320,320,285,0,200,215.0275270210905,75.3809009984252,529.7113349988649,23.0
1789364944,30,GET,/incidents,6.400000,0.000000,130,170,210,240,270,310,320,370,370,370,370,410,0,150,167.25554522675273,43.541895000089426,594.8800030018901,2268.2390243902437
1789364944,30,POST,/incidents [seed],0.000000,0.000000,0,0,0,0,0,0,0,0,0,0,0,40,0,430,685.1649022250058,217.76152000165894,1646.3696079990768,508.475
1789364944,30,POST,/ingest/events,102.400000,0.000000,170,220,250,260,310,340,380,420,460,460,460,6841,0,200,212.32237526930325,38.583069002925185,1969.4338139997853,67.0
1789364944,30,GET,/users/me,2.900000,0.000000,170,180,220,220,270,270,270,270,270,270,270,152,0,150,170.81504292127647,41.11185299916542,382.5863230013056,703.0
1789364944,30,,Aggregated,119.600000,0.000000,170,210,250,260,310,340,370,400,440,460,460,8169,0,190,223.14741736189706,38.583069002925185,3930.708912001137,188.93854816991063
1789364945,30,GET,/alerts,4.600000,0.000000,140,180,190,200,230,240,310,310,310,310,310,362,0,160,171.2862073343293,44.22354500275105,387.2031170030823,2.0
1789364945,30,POST,/api-keys,0.000000,0.000000,0,0,0,0,0,0,0,0,0,0,0,22,0,730,813.6930921816449,195.00938199780649,1637.9163980018348,166.0
1789364945,30,POST,/auth/login,0.000000,0.000000,0,0,0,0,0,0,0,0,0,0,0,30,0,1200,1179.312661133493,155.39359700051136,2336.287596997863,415.0
1789364945,30,POST,/auth/register-organization,0.000000,0.000000,0,0,0,0,0,0,0,0,0,0,0,30,0,2500,2410.6155217330524,791.8378260001191,3930.708912001137,151.46666666666667
1789364945,30,POST,/hunting/search,3.100000,0.000000,220,240,260,260,280,300,320,320,320,320,320,287,0,200,214.76878400700156,75.3809009984252,529.7113349988649,23.0
1789364945,30,GET,/incidents,6.700000,0.000000,120,160,200,210,260,290,310,320,320,320,320,419,0,150,166.4542263722562,43.541895000089426,594.8800030018901,2268.2601431980906
1789364945,30,POST,/incidents [seed],0.000000,0.000000,0,0,0,0,0,0,0,0,0,0,0,40,0,430,685.1649022250058,217.76152000165894,1646.3696079990768,508.475
1789364945,30,POST,/ingest/events,102.400000,0.000000,170,210,250,260,310,340,390,400,460,460,460,6953,0,190,211.67815731818033,38.583069002925185,1969.4338139997853,67.0
1789364945,30,GET,/users/me,2.800000,0.000000,150,180,220,220,270,270,270,270,270,270,270,156,0,150,169.53211615407034,41.11185299916542,382.5863230013056,703.0
1789364945,30,,Aggregated,119.600000,0.000000,160,210,240,260,300,340,380,400,440,460,460,8299,0,190,222.27250228597993,38.583069002925185,3930.708912001137,189.68911917098447
1789364946,30,GET,/alerts,4.700000,0.000000,140,180,190,190,230,240,310,310,310,310,310,370,0,160,171.3200403892532,44.22354500275105,387.2031170030823,2.0
1789364946,30,POST,/api-keys,0.000000,0.000000,0,0,0,0,0,0,0,0,0,0,0,22,0,730,813.6930921816449,195.00938199780649,1637.9163980018348,166.0
1789364946,30,POST,/auth/login,0.000000,0.000000,0,0,0,0,0,0,0,0,0,0,0,30,0,1200,1179.312661133493,155.39359700051136,2336.287596997863,415.0
1789364946,30,POST,/auth/register-organization,0.000000,0.000000,0,0,0,0,0,0,0,0,0,0,0,30,0,2500,2410.6155217330524,791.8378260001191,3930.708912001137,151.46666666666667
1789364946,30,POST,/hunting/search,3.400000,0.000000,220,240,250,260,290,300,320,320,320,320,320,288,0,200,214.6579685694784,75.3809009984252,529.7113349988649,23.0
1789364946,30,GET,/incidents,7.100000,0.000000,130,170,200,210,240,260,290,310,310,310,310,425,0,150,166.9065837128694,43.541895000089426,594.8800030018901,2268.268235294118
1789364946,30,POST,/incidents [seed],0.000000,0.000000,0,0,0,0,0,0,0,0,0,0,0,40,0,430,685.1649022250058,217.76152000165894,1646.3696079990768,508.475
1789364946,30,POST,/ingest/events,102.500000,0.000000,180,210,250,260,310,340,360,400,460,460,460,7039,0,190,211.67714514296458,38.583069002925185,1969.4338139997853,67.0
1789364946,30,GET,/users/me,2.500000,0.000000,150,190,220,220,270,270,270,270,270,270,270,157,0,150,169.35649556711678,41.11185299916542,382.5863230013056,703.0
1789364946,30,,Aggregated,120.200000,0.000000,170,210,240,260,300,330,360,400,440,460,460,8401,0,190,222.0849056110416,38.583069002925185,3930.708912001137,189.78062135460064
1789364947,30,GET,/alerts,4.100000,0.000000,150,180,180,190,230,240,310,310,310,310,310,373,0,160,171.0346313968437,44.22354500275105,387.2031170030823,2.0
1789364947,30,POST,/api-keys,0.000000,0.000000,0,0,0,0,0,0,0,0,0,0,0,22,0,730,813.6930921816449,195.00938199780649,1637.9163980018348,166.0
1789364947,30,POST,/auth/login,0.000000,0.000000,0,0,0,0,0,0,0,0,0,0,0,30,0,1200,1179.312661133493,155.39359700051136,2336.287596997863,415.0
1789364947,30,POST,/auth/register-organization,0.000000,0.000000,0,0,0,0,0,0,0,0,0,0,0,30,0,2500,2410.6155217330524,791.8378260001191,3930.708912001137,151.46666666666667
1789364947,30,POST,/hunting/search,3.400000,0.000000,210,230,250,260,290,300,320,320,320,320,320,294,0,200,214.0230213333619,75.3809009984252,529.7113349988649,23.0
1789364947,30,GET,/incidents,7.900000,0.000000,130,160,200,210,260,260,290,310,310,310,310,431,0,150,166.57230027373038,43.541895000089426,594.8800030018901,2268.283062645012
1789364947,30,POST,/incidents [seed],0.000000,0.000000,0,0,0,0,0,0,0,0,0,0,0,40,0,430,685.1649022250058,217.76152000165894,1646.3696079990768,508.475
1789364947,30,POST,/ingest/events,103.900000,0.000000,180,220,250,260,310,340,350,400,460,460,460,7143,0,190,211.56558169359238,38.583069002925185,1969.4338139997853,67.0
1789364947,30,GET,/users/me,2.600000,0.000000,170,190,220,220,270,270,270,270,270,270,270,159,0,150,169.06905133983634,41.11185299916542,382.5863230013056,703.0
1789364947,30,,Aggregated,121.900000,0.000000,180,210,240,260,300,330,350,400,440,460,460,8522,0,190,221.73339192729003,38.583069002925185,3930.708912001137,189.68329030743956
1789364948,30,GET,/alerts,4.400000,0.000000,150,180,190,190,240,280,310,310,310,310,310,380,0,160,171.22771665531457,44.22354500275105,387.2031170030823,2.0
1789364948,30,POST,/api-keys,0.000000,0.000000,0,0,0,0,0,0,0,0,0,0,0,22,0,730,813.6930921816449,195.00938199780649,1637.9163980018348,166.0
1789364948,30,POST,/auth/login,0.000000,0.000000,0,0,0,0,0,0,0,0,0,0,0,30,0,1200,1179.312661133493,155.39359700051136,2336.287596997863,415.0
1789364948,30,POST,/auth/register-organization,0.000000,0.000000,0,0,0,0,0,0,0,0,0,0,0,30,0,2500,2410.6155217330524,791.8378260001191,3930.708912001137,151.46666666666667
1789364948,30,POST,/hunting/search,3.300000,0.000000,190,230,260,260,270,300,320,320,320,320,320,299,0,200,213.3316356555702,75.3809009984252,529.7113349988649,23.0
1789364948,30,GET,/incidents,7.600000,0.000000,130,160,190,210,230,260,260,280,280,280,280,436,0,150,166.23227872931054,43.541895000089426,594.8800030018901,2268.27752293578
1789364948,30,POST,/incidents [seed],0.000000,0.000000,0,0,0,0,0,0,0,0,0,0,0,40,0,430,685.1649022250058,217.76152000165894,1646.3696079990768,508.475
1789364948,30,POST,/ingest/events,104.200000,0.000000,180,220,250,260,310,340,370,400,460,460,460,7235,0,200,211.68846213328646,38.583069002925185,1969.4338139997853,67.0
1789364948,30,GET,/users/me,2.500000,0.000000,180,190,210,240,270,270,270,270,270,270,270,160,0,150,169.3511276939489,41.11185299916542,382.5863230013056,703.0
1789364948,30,,Aggregated,122.000000,0.000000,180,210,240,260,300,330,360,400,440,460,460,8632,0,190,221.61699009318409,38.583069002925185,3930.708912001137,189.39017608897126
1789364949,30,GET,/alerts,4.400000,0.000000,150,180,190,200,250,300,330,330,330,330,330,385,0,160,170.9834257377177,44.22354500275105,387.2031170030823,2.0
1789364949,30,POST,/api-keys,0.000000,0.000000,0,0,0,0,0,0,0,0,0,0,0,22,0,730,813.6930921816449,195.00938199780649,1637.9163980018348,166.0
1789364949,30,POST,/auth/login,0.000000,0.000000,0,0,0,0,0,0,0,0,0,0,0,30,0,1200,1179.312661133493,155.39359700051136,2336.287596997863,415.0
1789364949,30,POST,/auth/register-organization,0.000000,0.000000,0,0,0,0,0,0,0,0,0,0,0,30,0,2500,2410.6155217330524,791.8378260001191,3930.708912001137,151.46666666666667
1789364949,30,POST,/hunting/search,3.300000,0.000000,190,210,240,260,290,300,320,320,320,320,320,304,0,200,212.8082825131993,75.3809009984252,529.7113349988649,23.0
1789364949,30,GET,/incidents,7.200000,0.000000,140,170,190,210,240,260,280,330,330,330,330,441,0,150,166.28019795686407,43.541895000089426,594.8800030018901,2268.285714285714
1789364949,30,POST,/incidents [seed],0.000000,0.000000,0,0,0,0,0,0,0,0,0,0,0,40,0,430,685.1649022250058,217.76152000165894,1646.3696079990768,508.475
1789364949,30,POST,/ingest/events,101.800000,0.000000,190,220,250,260,310,340,390,410,460,460,460,7332,0,200,211.36497194726235,38.583069002925185,1969.4338139997853,67.0
1789364949,30,GET,/users/me,2.500000,0.000000,180,190,210,240,270,270,270,270,270,270,270,161,0,150,169.19802199398032,41.11185299916542,382.5863230013056,703.0
1789364949,30,,Aggregated,119.200000,0.000000,180,220,250,260,310,340,370,400,440,460,460,8745,0,190,221.13510000610182,38.583069002925185,3930.708912001137,189.07810177244139
1789364950,30,GET,/alerts,4.500000,0.000000,150,180,190,200,250,300,330,330,330,330,330,389,0,160,170.48105624684547,44.22354500275105,387.2031170030823,2.0
1789364950,30,POST,/api-keys,0.000000,0.000000,0,0,0,0,0,0,0,0,0,0,0,22,0,730,813.6930921816449,195.00938199780649,1637.9163980018348,166.0
1789364950,30,POST,/auth/login,0.000000,0.000000,0,0,0,0,0,0,0,0,0,0,0,30,0,1200,1179.312661133493,155.39359700051136,2336.287596997863,415.0
1789364950,30,POST,/auth/register-organization,0.000000,0.000000,0,0,0,0,0,0,0,0,0,0,0,30,0,2500,2410.6155217330524,791.8378260001191,3930.708912001137,151.46666666666667
1789364950,30,POST,/hunting/search,3.300000,0.000000,200,210,240,250,290,300,320,320,320,320,320,310,0,200,212.74584131940847,75.3809009984252,529.7113349988649,23.0
1789364950,30,GET,/incidents,7.200000,0.000000,150,170,210,220,260,270,280,330,330,330,330,447,0,150,166.3096717091268,43.541895000089426,594.8800030018901,2268.288590604027
1789364950,30,POST,/incidents [seed],0.000000,0.000000,0,0,0,0,0,0,0,0,0,0,0,40,0,430,685.1649022250058,217.76152000165894,1646.3696079990768,508.475
1789364950,30,POST,/ingest/events,101.900000,0.000000,190,230,260,270,320,350,390,410,460,460,460,7428,0,200,211.5061480775915,38.583069002925185,1969.4338139997853,67.0
1789364950,30,GET,/users/me,2.300000,0.000000,180,190,210,220,270,270,270,270,270,270,270,164,0,150,168.9868988355667,41.11185299916542,382.5863230013056,703.0
1789364950,30,,Aggregated,119.200000,0.000000,190,220,250,260,310,340,380,410,440,460,460,8860,0,190,221.037920301963,38.583069002925185,3930.708912001137,189.14063205417608
1789364951,30,GET,/alerts,5.000000,0.000000,150,160,190,200,240,280,330,330,330,330,330,392,0,160,170.36343484444527,44.22354500275105,387.2031170030823,2.0
1789364951,30,POST,/api-keys,0.000000,0.000000,0,0,0,0,0,0,0,0,0,0,0,22,0,730,813.6930921816449,195.00938199780649,1637.9163980018348,166.0
1789364951,30,POST,/auth/login,0.000000,0.000000,0,0,0,0,0,0,0,0,0,0,0,30,0,1200,1179.312661133493,155.39359700051136,2336.287596997863,415.0
1789364951,30,POST,/auth/register-organization,0.000000,0.000000,0,0,0,0,0,0,0,0,0,0,0,30,0,2500,2410.6155217330524,791.8378260001191,3930.708912001137,151.46666666666667
1789364951,30,POST,/hunting/search,3.500000,0.000000,190,210,230,250,290,320,340,340,340,340,340,317,0,200,212.65509800006942,75.3809009984252,529.7113349988649,23.0
1789364951,30,GET,/incidents,6.800000,0.000000,150,170,210,210,230,270,330,330,330,330,330,455,0,150,166.2592587164449,43.541895000089426,594.8800030018901,2268.30989010989
1789364951,30,POST,/incidents [seed],0.000000,0.000000,0,0,0,0,0,0,0,0,0,0,0,40,0,430,685.1649022250058,217.76152000165894,1646.3696079990768,508.475
1789364951,30,POST,/ingest/events,101.200000,0.000000,190,220,250,270,310,350,390,420,460,460,460,7528,0,200,211.25089476293255,38.583069002925185,1969.4338139997853,67.0
1789364951,30,GET,/users/me,1.900000,0.000000,180,190,210,220,270,270,270,270,270,270,270,164,0,150,168.9868988355667,41.11185299916542,382.5863230013056,703.0
1789364951,30,,Aggregated,118.400000,0.000000,180,220,240,260,300,340,390,410,440,460,460,8978,0,190,220.63470394613563,38.583069002925185,3930.708912001137,189.44185787480507
1789364952,30,GET,/alerts,4.500000,0.000000,150,190,210,230,280,320,330,330,330,330,330,397,0,160,171.4263487204699,44.22354500275105,387.2031170030823,2.0
1789364952,30,POST,/api-keys,0.000000,0.000000,0,0,0,0,0,0,0,0,0,0,0,22,0,730,813.6930921816449,195.00938199780649,1637.9163980018348,166.0
1789364952,30,POST,/auth/login,0.000000,0.000000,0,0,0,0,0,0,0,0,0,0,0,30,0,1200,1179.312661133493,155.39359700051136,2336.287596997863,415.0
1789364952,30,POST,/auth/register-organization,0.000000,0.000000,0,0,0,0,0,0,0,0,0,0,0,30,0,2500,2410.6155217330524,791.8378260001191,3930.708912001137,151.46666666666667
1789364952,30,POST,/hunting/search,3.900000,0.000000,190,210,220,250,300,340,340,340,340,340,340,320,0,200,212.8437396594336,75.3809009984252,529.7113349988649,23.0
1789364952,30,GET,/incidents,6.900000,0.000000,150,180,210,220,260,280,330,330,330,330,330,461,0,150,166.23206410192034,43.541895000089426,594.8800030018901,2268.3101952277657
1789364952,30,POST,/incidents [seed],0.000000,0.000000,0,0,0,0,0,0,0,0,0,0,0,40,0,430,685.1649022250058,217.76152000165894,1646.3696079990768,508.475
1789364952,30,POST,/ingest/events,98.300000,0.000000,190,220,250,270,310,350,390,400,430,430,430,7627,0,200,211.20640831354126,38.583069002925185,1969.4338139997853,67.0
1789364952,30,GET,/users/me,2.000000,0.000000,160,190,190,210,220,270,270,270,270,270,270,166,0,150,169.03733053030842,41.11185299916542,382.5863230013056,703.0
1789364952,30,,Aggregated,115.600000,0.000000,180,220,240,260,310,350,390,400,420,430,430,9093,0,190,220.47029598179154,38.583069002925185,3930.708912001137,189.43549983503794
